CODGEO;TP4021;TP5021;TP6021;TP60Q221;TP60IP21;AGE1TP4021;AGE1TP5021;AGE1TP6021;AGE1TP60Q221;AGE1TP60IP21;AGE2TP4021;AGE2TP5021;AGE2TP6021;AGE2TP60Q221;AGE2TP60IP21;AGE3TP4021;AGE3TP5021;AGE3TP6021;AGE3TP60Q221;AGE3TP60IP21;AGE4TP4021;AGE4TP5021;AGE4TP6021;AGE4TP60Q221;AGE4TP60IP21;AGE5TP4021;AGE5TP5021;AGE5TP6021;AGE5TP60Q221;AGE5TP60IP21;AGE6TP4021;AGE6TP5021;AGE6TP6021;AGE6TP60Q221;AGE6TP60IP21;TME1TP4021;TME1TP5021;TME1TP6021;TME1TP60Q221;TME1TP60IP21;TME2TP4021;TME2TP5021;TME2TP6021;TME2TP60Q221;TME2TP60IP21;TME3TP4021;TME3TP5021;TME3TP6021;TME3TP60Q221;TME3TP60IP21;TME4TP4021;TME4TP5021;TME4TP6021;TME4TP60Q221;TME4TP60IP21;TME5TP4021;TME5TP5021;TME5TP6021;TME5TP60Q221;TME5TP60IP21;TOL1TP4021;TOL1TP5021;TOL1TP6021;TOL1TP60Q221;TOL1TP60IP21;TOL2TP4021;TOL2TP5021;TOL2TP6021;TOL2TP60Q221;TOL2TP60IP21;TLD2TP4021;TLD2TP5021;TLD2TP6021;TLD2TP60Q221;TLD2TP60IP21;TLD3TP4021;TLD3TP5021;TLD3TP6021;TLD3TP60Q221;TLD3TP60IP21;TYM1TP4021;TYM1TP5021;TYM1TP6021;TYM1TP60Q221;TYM1TP60IP21;TYM2TP4021;TYM2TP5021;TYM2TP6021;TYM2TP60Q221;TYM2TP60IP21;TYM3TP4021;TYM3TP5021;TYM3TP6021;TYM3TP60Q221;TYM3TP60IP21;TYM4TP4021;TYM4TP5021;TYM4TP6021;TYM4TP60Q221;TYM4TP60IP21;TYM5TP4021;TYM5TP5021;TYM5TP6021;TYM5TP60Q221;TYM5TP60IP21;TYM6TP4021;TYM6TP5021;TYM6TP6021;TYM6TP60Q221;TYM6TP60IP21;OPR1TP4021;OPR1TP5021;OPR1TP6021;OPR1TP60Q221;OPR1TP60IP21;OPR2TP4021;OPR2TP5021;OPR2TP6021;OPR2TP60Q221;OPR2TP60IP21;OPR3TP4021;OPR3TP5021;OPR3TP6021;OPR3TP60Q221;OPR3TP60IP21;OPR4TP4021;OPR4TP5021;OPR4TP6021;OPR4TP60Q221;OPR4TP60IP21;OPR5TP4021;OPR5TP5021;OPR5TP6021;OPR5TP60Q221;OPR5TP60IP21;OPR6TP4021;OPR6TP5021;OPR6TP6021;OPR6TP60Q221;OPR6TP60IP21
01;5,0;6,2;10,8;11030;0,204;5,5;9,6;15,0;10460;0,244;5,0;6,7;11,8;11080;0,200;5,0;6,9;12,1;10980;0,207;5,0;6,3;10,3;10570;0,237;5,0;5,0;8,4;11260;0,187;5,0;5,0;8,3;11870;0,143;5,1;8,6;15,3;11060;0,201;5,0;5,0;7,2;10970;0,208;5,0;5,5;9,3;10820;0,219;5,0;5,0;7,9;10930;0,211;5,2;10,6;19,0;11170;0,193;5,0;5,0;5,0;10830;0,218;6,6;13,1;23,3;11090;0,199;7,7;17,1;31,8;11320;0,182;5,7;9,6;15,5;10570;0,237;6,1;9,2;14,6;10300;0,256;5,0;8,2;16,0;11470;0,172;5,0;5,0;5,0;11160;0,194;5,0;5,3;9,4;11100;0,199;6,9;14,4;24,0;10880;0,214;5,0;5,8;9,7;10850;0,216;5,0;5,0;7,5;11660;0,158;16,6;33,5;51,6;10490;0,242;8,5;13,1;17,6;9390;0,322;5,0;5,0;9,9;11640;0,160;23,3;26,7;30,2;4660;0,664;63,8;81,2;90,8;6870;0,504
02;5,0;10,8;18,8;11070;0,201;9,5;19,8;30,4;10580;0,236;5,7;13,4;23,3;11090;0,199;5,5;12,2;21,2;11070;0,201;5,9;11,2;17,7;10600;0,234;5,0;7,0;13,6;11430;0,175;5,0;5,0;10,8;12040;0,131;7,5;13,5;23,1;10960;0,209;5,0;6,7;11,7;11060;0,201;5,0;9,6;16,1;10930;0,211;5,0;8,6;15,7;11210;0,190;7,8;19,8;34,5;11130;0,196;5,0;5,0;8,4;11510;0,168;10,3;22,6;37,6;10900;0,213;13,4;29,6;48,0;10800;0,220;8,0;17,6;30,1;11000;0,205;9,1;15,1;23,0;10030;0,276;6,2;12,2;23,2;11380;0,178;5,0;5,0;7,6;11430;0,174;5,0;9,4;17,5;11310;0,183;10,6;24,7;38,0;10680;0,229;5,0;10,5;18,4;11100;0,199;5,0;6,9;14,4;11650;0,159;24,8;49,9;70,5;10210;0,263;7,7;12,4;16,3;9480;0,315;5,0;7,1;14,8;11640;0,160;12,2;18,2;23,6;9080;0,344;46,5;76,1;88,9;9080;0,344
03;5,0;9,3;16,2;11060;0,201;8,4;16,2;24,8;10610;0,234;5,8;12,5;20,5;10810;0,219;5,3;11,2;18,3;10800;0,220;5,5;10,3;16,1;10450;0,245;5,0;6,2;12,2;11470;0,172;5,0;5,0;12,2;12090;0,127;6,4;12,4;22,6;11160;0,194;5,0;5,5;10,2;11280;0,186;5,0;8,5;14,1;10850;0,216;5,0;7,5;12,9;11060;0,201;8,8;19,8;31,8;10790;0,221;5,0;5,0;8,8;11300;0,184;9,4;19,9;33,2;10900;0,213;11,8;26,6;44,7;10930;0,211;8,1;16,5;27,4;10870;0,215;8,1;14,7;23,8;10680;0,229;5,2;10,7;21,6;11560;0,165;5,0;5,0;6,9;11610;0,161;5,0;7,9;13,7;11020;0,204;9,4;22,1;34,5;10760;0,223;5,0;9,0;15,1;10890;0,213;5,0;5,3;10,9;11610;0,161;20,0;42,4;62,6;10360;0,252;9,6;15,1;21,0;9590;0,308;5,0;6,5;14,2;11760;0,150;18,2;25,3;30,8;8240;0,405;44,5;72,9;84,4;9060;0,346
04;5,0;9,9;17,1;11010;0,205;8,0;15,5;24,2;10560;0,238;5,4;12,4;20,7;11040;0,203;5,9;11,9;20,1;10900;0,212;5,8;11,1;17,2;10490;0,242;5,0;7,4;13,8;11290;0,185;5,0;6,0;12,9;11710;0,154;7,8;14,3;24,7;10990;0,207;5,0;6,9;11,8;10940;0,210;5,0;9,1;15,2;10940;0,210;5,0;8,4;14,4;11100;0,199;6,1;15,2;26,8;11100;0,198;5,0;5,7;9,6;10980;0,207;8,1;17,4;30,1;11040;0,203;8,6;21,2;39,8;11300;0,184;7,9;16,2;26,9;10910;0,212;9,3;16,0;25,5;10550;0,238;6,5;12,9;24,2;11280;0,185;5,0;5,0;8,0;11240;0,188;5,0;7,8;13,9;11210;0,191;9,8;21,6;34,1;10760;0,223;5,0;7,9;13,6;10970;0,208;5,0;5,4;11,4;11630;0,160;17,3;38,2;58,7;10630;0,233;13,4;22,0;29,0;9520;0,313;5,0;7,9;15,6;11510;0,169;11,6;16,4;20,0;8030;0,420;47,5;72,9;84,9;8800;0,364
05;5,0;8,3;14,7;11090;0,199;7,6;14,0;22,0;10690;0,228;5,0;10,2;17,4;10970;0,208;5,0;9,7;16,9;11010;0,205;5,0;9,2;14,7;10610;0,233;5,0;6,0;11,4;11360;0,179;5,0;5,0;11,2;11960;0,136;6,6;12,4;21,7;11040;0,202;5,0;5,7;10,5;11200;0,191;5,0;8,0;13,7;10920;0,212;5,0;6,7;11,6;11050;0,202;5,0;11,9;21,6;11240;0,188;5,0;5,0;8,8;11030;0,203;6,5;14,3;25,4;11130;0,196;8,1;20,4;37,4;11270;0,186;5,8;11,7;20,3;11000;0,205;8,1;14,1;22,4;10590;0,235;5,4;11,0;21,1;11440;0,174;5,0;5,0;6,4;11520;0,168;5,0;6,6;11,7;11100;0,198;8,6;18,1;30,4;10960;0,208;5,0;5,8;10,8;11310;0,183;5,0;5,1;10,2;11550;0,166;13,9;32,1;51,0;10790;0,220;10,4;17,4;24,8;9910;0,284;5,0;6,1;13,1;11730;0,153;16,6;20,6;24,9;7470;0,460;46,3;69,7;82,4;8720;0,370
06;5,7;10,2;16,4;10660;0,230;10,0;15,8;23,1;9900;0,285;6,3;11,6;18,2;10530;0,240;6,6;11,6;18,3;10510;0,241;6,1;10,4;15,8;10250;0,260;5,0;8,3;14,2;10980;0,207;5,0;7,1;13,5;11400;0,177;8,2;13,4;21,2;10510;0,241;5,0;7,3;12,1;10780;0,222;5,0;8,8;13,9;10500;0,242;5,0;8,1;13,0;10640;0,231;8,8;17,4;28,4;10770;0,222;5,0;5,3;8,5;10560;0,238;9,1;16,8;27,1;10690;0,228;8,4;18,8;34,5;11240;0,188;9,4;16,1;24,7;10380;0,251;9,5;14,6;21,2;9720;0,298;7,3;12,6;21,2;10920;0,212;5,0;5,2;9,2;11040;0,203;5,0;9,0;14,5;10620;0,233;9,2;17,8;27,9;10600;0,234;5,0;8,7;14,3;10770;0,222;5,0;5,9;11,0;11290;0,185;19,0;37,3;53,9;10240;0,260;12,0;18,3;24,1;9250;0,332;5,0;8,6;16,1;11350;0,181;16,6;20,8;24,3;6780;0,510;57,7;75,9;84,9;6780;0,510
07;5,0;8,5;14,9;11070;0,200;6,7;12,7;21,2;10930;0,211;5,1;10,8;18,5;11040;0,203;5,1;10,4;17,5;10920;0,211;5,1;9,2;14,5;10530;0,240;5,0;6,1;11,4;11310;0,184;5,0;5,0;11,0;12050;0,130;6,9;12,9;22,7;11040;0,202;5,0;5,8;10,1;11080;0,200;5,0;8,1;13,6;10900;0,213;5,0;6,1;11,1;11240;0,188;6,5;14,2;24,8;11090;0,199;5,0;5,0;8,5;11140;0,196;8,5;18,0;30,8;11020;0,204;10,6;24,1;43,2;11190;0,192;7,7;15,6;26,1;10930;0,211;8,4;14,8;23,3;10530;0,240;5,6;11,4;22,1;11430;0,174;5,0;5,0;6,8;11380;0,178;5,0;7,0;12,6;11200;0,191;9,3;20,1;32,2;10790;0,221;5,0;6,1;10,7;11150;0,195;5,0;5,0;10,3;11660;0,158;19,1;39,6;59,2;10360;0,252;13,6;21,5;28,8;9470;0,316;5,0;6,2;12,9;11680;0,157;16,1;21,2;26,1;8000;0,422;46,2;71,2;83,5;8840;0,362
08;5,4;11,1;19,4;11020;0,204;10,4;20,2;30,5;10440;0,246;6,2;13,8;23,7;10990;0,206;6,2;12,8;21,4;10860;0,215;6,3;11,1;17,7;10430;0,247;5,0;7,5;14,8;11520;0,168;5,0;5,6;13,8;12010;0,133;8,7;15,3;26,2;10900;0,213;5,0;7,2;12,7;11060;0,201;5,0;10,2;16,8;10750;0,223;5,0;8,1;15,3;11330;0,182;8,8;20,3;35,3;11110;0,198;5,0;5,0;9,2;11500;0,169;10,9;22,7;37,6;10800;0,220;13,6;27,6;45,6;10790;0,221;8,5;18,5;30,7;10820;0,218;10,4;16,6;25,3;9900;0,285;7,3;14,2;26,9;11330;0,182;5,0;5,0;8,9;11570;0,164;5,0;9,3;17,4;11330;0,182;11,6;25,7;39,1;10520;0,240;5,0;9,2;16,2;11030;0,203;5,0;6,3;13,6;11750;0,151;24,6;52,3;72,2;10100;0,271;8,2;13,3;18,1;9550;0,310;5,0;8,0;17,1;11720;0,154;10,0;14,6;19,2;9030;0,348;50,4;75,8;88,8;8860;0,360
09;5,5;11,2;19,0;10940;0,210;8,5;17,1;26,8;10710;0,226;6,9;14,3;23,7;10810;0,220;6,4;13,1;22,1;10890;0,213;6,7;12,4;18,5;10240;0,260;5,0;8,4;15,0;11120;0,197;5,0;6,4;14,4;11850;0,144;9,1;17,2;27,8;10740;0,224;5,0;8,0;13,7;10990;0,206;5,0;9,2;15,8;10960;0,208;5,0;9,3;15,7;10970;0,208;7,1;16,8;30,5;11110;0,197;5,0;7,1;12,1;10970;0,208;9,2;20,5;34,5;10920;0,212;13,2;30,0;50,7;10930;0,210;8,5;18,8;31,7;10910;0,212;11,2;19,6;28,7;9890;0,286;7,4;15,0;27,0;11140;0,195;5,0;5,3;9,7;11230;0,189;5,0;8,9;16,1;11120;0,197;9,7;22,2;35,3;10770;0,222;5,0;7,3;12,9;11190;0,192;5,0;6,0;12,7;11700;0,155;18,6;40,3;59,6;10470;0,244;16,8;26,2;34,4;9310;0,328;5,0;7,6;15,8;11650;0,158;19,2;27,7;32,3;8010;0,421;46,4;74,9;85,5;8990;0,351
10;5,0;9,6;16,9;11050;0,202;9,4;17,8;27,2;10500;0,242;5,7;12,4;21,3;11030;0,204;5,5;11,4;19,8;10980;0,207;5,3;10,0;15,9;10570;0,236;5,0;5,7;11,8;11660;0,158;5,0;5,0;9,5;12050;0,130;7,2;12,4;22,0;11030;0,204;5,0;5,7;10,1;11110;0,197;5,0;8,6;14,3;10860;0,215;5,0;7,5;13,4;11130;0,197;8,6;18,9;33,2;11090;0,199;5,0;5,0;6,7;11420;0,175;9,8;20,3;34,5;10930;0,211;11,8;25,2;43,1;10960;0,209;7,4;14,5;24,3;10900;0,213;9,1;14,5;22,6;10180;0,265;5,6;10,7;21,6;11570;0,165;5,0;5,0;5,8;11610;0,161;5,0;7,8;14,7;11300;0,184;10,0;23,0;36,4;10780;0,222;5,4;10,4;16,6;10610;0,234;5,0;6,3;13,0;11640;0,159;22,4;46,8;67,5;10280;0,258;5,9;9,6;13,0;9540;0,311;5,0;5,9;13,2;11830;0,145;12,9;19,5;23,5;8790;0,365;51,1;76,2;87,8;8840;0,361
11;6,0;12,5;20,8;10920;0,212;10,1;20,6;31,6;10620;0,233;6,8;15,8;26,1;10900;0,213;6,7;14,4;23,6;10800;0,220;7,5;13,6;20,9;10340;0,253;5,0;9,2;16,1;11040;0,203;5,0;7,4;15,7;11670;0,157;8,9;16,9;28,1;10900;0,212;5,0;8,4;14,4;10980;0,207;5,7;11,7;18,7;10690;0,228;5,0;10,1;17,4;11050;0,202;9,3;21,9;36,4;10940;0,210;5,0;6,7;11,6;11040;0,203;10,4;23,0;37,6;10830;0,218;14,6;32,8;53,4;10820;0,219;8,8;19,2;31,5;10840;0,218;10,6;18,7;28,4;10170;0,266;7,5;15,6;27,9;11140;0,195;5,0;5,6;10,3;11240;0,188;5,2;10,6;18,3;10960;0,209;10,8;25,9;39,7;10710;0,227;5,0;9,2;16,5;11170;0,193;5,0;7,0;14,3;11580;0,164;19,0;41,8;62,8;10460;0,245;14,1;22,5;29,1;9370;0,324;5,0;8,8;17,4;11500;0,170;19,4;26,6;31,5;8400;0,393;42,7;73,1;86,2;9230;0,333
12;5,0;7,9;14,5;11220;0,190;7,6;13,5;20,6;10360;0,252;5,0;9,3;16,5;11090;0,199;5,0;8,9;15,7;11060;0,201;5,0;8,2;13,5;10760;0,223;5,0;5,9;11,5;11440;0,174;5,0;6,2;14,7;11940;0,138;6,5;13,0;23,4;11150;0,195;5,0;5,4;10,3;11390;0,177;5,0;6,7;11,8;11060;0,201;5,0;6,0;10,6;11110;0,198;5,6;12,7;23,4;11290;0,184;5,0;5,1;9,5;11280;0,185;7,4;16,0;28,7;11150;0,195;9,8;22,9;42,0;11250;0,188;6,8;14,2;25,3;11110;0,198;8,0;14,6;23,9;10850;0,216;5,3;11,6;23,0;11510;0,169;5,0;5,0;7,7;11740;0,152;5,0;6,2;11,6;11260;0,187;8,3;18,0;29,8;10890;0,214;5,0;6,2;11,0;11110;0,198;5,0;5,0;9,6;11730;0,153;18,1;37,4;56,2;10400;0,249;9,1;15,4;21,9;10060;0,273;5,0;6,6;14,6;11780;0,149;13,9;18,1;22,2;7460;0,461;46,3;70,9;81,7;8760;0,367
13;5,7;11,4;18,5;10730;0,225;10,2;18,4;27,0;10280;0,258;6,3;13,4;21,0;10640;0,232;6,4;13,0;20,5;10590;0,235;6,5;12,1;18,5;10390;0,249;5,0;8,3;14,7;11060;0,202;5,0;6,2;13,4;11730;0,153;7,8;13,5;22,7;10860;0,216;5,0;7,3;12,4;10960;0,209;5,0;9,9;15,4;10610;0,234;5,0;9,0;14,5;10720;0,226;10,1;21,5;33,7;10610;0,234;5,0;5,0;6,4;10960;0,209;10,1;20,5;32,9;10680;0,229;11,0;24,4;41,2;10910;0,212;9,6;18,0;27,5;10440;0,246;9,6;15,3;22,9;9890;0,285;6,5;12,2;22,5;11230;0,189;5,0;5,0;8,6;11270;0,186;5,1;10,0;16,3;10670;0,229;9,4;21,8;33,4;10640;0,231;5,9;11,3;17,8;10560;0,237;5,0;6,7;12,6;11360;0,180;19,2;41,4;59,7;10320;0,255;9,4;14,5;19,0;9280;0,330;5,0;9,0;17,3;11430;0,174;12,2;17,4;21,1;8540;0,383;50,5;78,6;90,4;8900;0,357
14;5,0;6,9;12,5;11180;0,192;7,8;13,5;20,8;10320;0,255;5,0;8,3;14,9;11150;0,195;5,0;7,5;13,5;11120;0,197;5,0;7,4;12,1;10780;0,222;5,0;5,0;9,2;11640;0,159;5,0;5,0;8,6;12190;0,120;6,4;11,2;19,9;11040;0,203;5,0;5,0;7,9;11210;0,191;5,0;6,3;11,2;11150;0,195;5,0;5,0;9,1;11330;0,182;5,0;11,3;20,7;11230;0,189;5,0;5,0;5,3;11320;0,182;6,7;14,3;25,6;11130;0,196;7,7;18,1;33,8;11310;0,183;5,8;10,9;18,2;10840;0,217;8,1;13,3;21,4;10410;0,248;5,2;9,6;18,8;11450;0,173;5,0;5,0;5,0;11570;0,165;5,0;5,0;9,7;11420;0,175;7,2;17,2;28,8;10950;0,209;5,0;5,9;10,6;11170;0,194;5,0;5,0;9,3;11650;0,159;17,2;36,4;56,6;10610;0,234;6,7;11,0;15,7;9870;0,287;5,0;5,0;10,9;11790;0,149;11,4;14,7;18,2;7830;0,435;50,7;74,6;87,0;8830;0,362
15;5,0;7,5;14,2;11330;0,182;6,4;11,0;17,8;10730;0,225;5,0;7,5;13,7;11300;0,184;5,0;8,4;14,4;10940;0,210;5,0;8,4;13,5;10690;0,228;5,0;6,1;12,8;11710;0,154;5,0;6,7;16,2;12030;0,131;6,2;12,7;24,1;11360;0,180;5,0;5,0;10,1;11550;0,166;5,0;6,2;10,7;11060;0,201;5,0;5,7;10,5;11220;0,189;5,1;12,4;22,7;11300;0,184;5,0;5,1;9,7;11370;0,179;6,6;15,0;27,7;11290;0,185;7,6;19,7;37,5;11370;0,179;6,2;13,0;23,5;11220;0,190;8,0;14,9;25,4;10990;0,206;5,0;10,9;23,0;11720;0,154;5,0;5,0;8,5;11920;0,139;5,0;6,2;11,1;11200;0,191;7,1;14,5;24,9;10980;0,207;5,0;5,0;9,8;11530;0,167;5,0;5,0;8,6;11730;0,153;17,3;39,4;58,2;10530;0,240;9,9;16,3;22,5;9650;0,303;5,0;6,9;16,2;11970;0,136;15,7;20,5;25,1;7990;0,423;47,6;69,9;83,0;8790;0,365
16;5,0;8,7;15,1;11040;0,202;8,6;15,5;23,8;10440;0,246;5,0;10,2;18,0;11080;0,200;5,0;9,7;16,2;10880;0,214;5,1;9,2;14,1;10390;0,250;5,0;6,3;11,9;11340;0,181;5,0;5,5;13,0;11980;0,135;7,0;13,0;22,3;10990;0,206;5,0;5,7;10,2;11160;0,194;5,0;7,0;12,3;11060;0,201;5,0;6,4;11,4;11030;0,203;7,8;17,5;29,6;11020;0,204;5,0;5,0;8,3;11150;0,195;8,7;18,5;31,7;10990;0,207;13,9;30,2;50,0;10850;0,216;6,5;13,6;24,0;11080;0,200;8,3;14,2;22,0;10230;0,261;5,9;11,9;22,6;11330;0,182;5,0;5,0;7,6;11330;0,181;5,0;6,6;12,1;11210;0,191;8,0;19,3;31,2;10840;0,217;5,0;8,5;14,5;10930;0,210;5,0;5,0;10,2;11570;0,164;16,0;35,6;56,8;10720;0,226;11,3;17,0;22,0;9100;0,343;5,0;6,5;13,9;11730;0,153;16,8;22,0;25,9;7610;0,450;46,3;73,4;86,8;8980;0,352
17;5,0;6,7;12,5;11280;0,185;6,7;12,4;20,1;10680;0,229;5,0;8,2;15,1;11270;0,186;5,0;7,5;13,7;11260;0,187;5,0;7,6;12,6;10830;0,218;5,0;5,0;9,5;11450;0,173;5,0;5,0;10,6;11990;0,134;5,8;11,4;20,4;11140;0,196;5,0;5,0;8,5;11330;0,182;5,0;6,2;11,2;11120;0,197;5,0;5,1;9,7;11410;0,176;5,0;10,7;20,4;11430;0,175;5,0;5,0;7,4;11340;0,181;6,1;13,3;24,4;11240;0,188;9,0;21,1;38,6;11230;0,189;5,0;10,5;19,4;11240;0,188;7,1;12,5;20,4;10780;0,221;5,0;10,5;20,3;11420;0,175;5,0;5,0;5,7;11710;0,155;5,0;5,0;9,8;11540;0,166;7,1;16,3;27,4;10940;0,210;5,0;5,7;10,3;11270;0,186;5,0;5,0;8,9;11800;0,148;14,5;31,7;50,8;10700;0,227;7,1;11,5;16,8;9890;0,286;5,0;5,0;11,1;11810;0,147;13,4;17,9;21,6;8120;0,413;44,4;69,6;83,3;8980;0,352
18;5,0;8,4;14,7;11100;0,198;7,9;15,0;23,8;10630;0,233;5,0;11,3;18,5;10950;0,209;5,0;10,1;17,1;10930;0,210;5,0;8,6;13,7;10700;0,227;5,0;5,6;11,2;11500;0,170;5,0;5,0;10,4;11950;0,137;6,1;11,4;20,5;11100;0,198;5,0;5,0;9,0;11210;0,191;5,0;7,8;12,9;10930;0,211;5,0;7,1;12,1;11050;0,202;6,4;16,3;28,2;11140;0,195;5,0;5,0;7,4;11330;0,182;8,7;19,5;32,8;10960;0,209;11,2;25,8;43,8;11000;0,206;7,1;15,2;25,3;10910;0,212;7,8;13,3;21,5;10580;0,236;5,0;9,9;19,7;11530;0,167;5,0;5,0;5,9;11590;0,163;5,0;7,0;12,7;11200;0,191;8,2;20,6;32,5;10810;0,219;5,0;7,7;13,0;11090;0,199;5,0;5,0;10,3;11610;0,162;19,6;41,8;62,1;10490;0,242;8,2;13,8;19,2;9690;0,300;5,0;5,5;12,3;11780;0,149;16,0;23,0;27,7;8570;0,381;43,3;72,4;85,7;9200;0,335
19;5,0;7,4;13,7;11260;0,186;7,1;13,0;20,8;10530;0,240;5,0;9,0;16,5;11250;0,188;5,0;8,4;15,1;11100;0,198;5,0;7,9;12,6;10670;0,230;5,0;5,3;10,6;11560;0,165;5,0;5,2;12,8;12070;0,128;5,7;11,1;20,5;11280;0,186;5,0;5,0;9,5;11340;0,181;5,0;5,8;10,7;11190;0,192;5,0;5,7;10,8;11250;0,187;5,8;14,3;25,7;11240;0,188;5,0;5,0;8,4;11270;0,186;6,8;15,0;27,6;11260;0,187;9,3;22,3;41,9;11340;0,181;5,9;12,2;22,2;11200;0,191;7,3;12,7;20,9;10870;0,215;5,0;9,9;20,2;11600;0,162;5,0;5,0;7,1;11670;0,157;5,0;6,0;11,5;11320;0,183;7,5;16,6;28,0;10940;0,210;5,0;5,6;10,2;11280;0,185;5,0;5,0;9,6;11700;0,155;16,7;35,7;55,5;10580;0,236;11,1;17,6;23,8;9450;0,318;5,0;5,8;13,0;11820;0,147;16,4;21,7;26,9;8140;0,412;44,4;67,3;81,3;8810;0,364
21;5,0;6,5;11,8;11170;0,193;8,2;14,0;21,3;10300;0,256;5,0;7,5;13,4;11090;0,199;5,0;7,3;13,3;11210;0,190;5,0;6,6;11,2;10900;0,213;5,0;5,0;8,5;11670;0,157;5,0;5,0;8,1;11980;0,135;5,6;9,9;17,2;10970;0,208;5,0;5,0;7,2;11260;0,187;5,0;5,6;10,1;11130;0,196;5,0;5,0;8,7;11310;0,183;5,2;12,4;22,8;11260;0,187;5,0;5,0;5,0;11400;0,177;7,0;14,9;26,4;11080;0,200;8,3;20,1;37,3;11290;0,185;6,0;10,9;18,0;10660;0,230;6,6;11,0;17,6;10480;0,243;5,0;9,0;16,9;11280;0,185;5,0;5,0;5,0;11610;0,162;5,0;5,4;10,1;11340;0,181;6,1;14,8;25,7;11040;0,202;5,0;6,4;10,6;10990;0,207;5,0;5,0;9,0;11680;0,157;16,4;37,1;57,7;10650;0,231;6,9;11,1;15,2;9650;0,303;5,0;5,0;10,4;11720;0,154;11,4;15,5;18,5;8090;0,416;52,1;74,9;86,0;8620;0,378
22;5,0;6,4;11,8;11250;0,187;6,3;11,4;18,6;10720;0,226;5,0;7,3;13,5;11260;0,187;5,0;7,4;13,2;11100;0,198;5,0;7,0;11,6;10820;0,219;5,0;5,0;8,9;11460;0,173;5,0;5,0;10,6;12050;0,130;5,7;10,9;19,7;11170;0,193;5,0;5,0;8,0;11280;0,185;5,0;6,3;11,0;11080;0,200;5,0;5,0;8,3;11350;0,180;5,0;8,8;16,8;11430;0,175;5,0;5,0;7,0;11390;0,178;6,8;14,9;26,7;11140;0,196;9,7;22,5;40,7;11190;0,192;5,7;12,0;21,3;11100;0,198;7,3;12,8;20,8;10760;0,223;5,0;9,4;18,9;11550;0,166;5,0;5,0;5,1;11630;0,160;5,0;5,0;8,6;11510;0,169;7,1;16,6;27,9;10960;0,208;5,0;5,9;10,4;11060;0,201;5,0;5,0;8,4;11750;0,151;16,6;34,7;53,6;10540;0,239;6,4;10,9;15,5;9940;0,282;5,0;5,0;10,7;11790;0,148;14,7;19,5;23,8;7980;0,424;45,8;70,5;82,1;8790;0,365
23;5,7;11,3;19,2;10990;0,206;8,3;16,0;25,3;10630;0,232;7,1;13,8;22,8;10860;0,216;7,3;13,7;21,5;10540;0,239;7,7;13,0;19,4;10120;0,269;5,0;8,4;15,3;11200;0,191;5,0;8,0;18,4;11900;0,141;7,9;15,9;27,7;11050;0,202;5,0;7,7;13,7;11110;0,198;5,0;9,0;15,2;10820;0,219;5,1;9,6;16,4;10980;0,207;10,1;21,3;33,3;10640;0,232;5,0;8,3;14,2;11010;0,205;9,7;20,5;34,6;10960;0,208;12,3;26,7;45,0;11040;0,202;8,6;17,9;30,3;10940;0,210;10,1;18,8;29,7;10820;0,219;6,1;13,7;26,1;11410;0,176;5,0;6,3;11,6;11250;0,188;5,1;9,6;16,5;10890;0,214;9,8;20,8;32,6;10710;0,226;5,4;9,4;15,0;10640;0,232;5,0;6,3;12,3;11460;0,172;23,2;45,2;64,6;10230;0,262;14,9;22,3;29,8;9220;0,334;5,0;8,6;18,2;11700;0,155;24,7;32,6;40,5;8360;0,396;48,1;73,9;86,7;8930;0,355
24;5,0;9,6;16,6;11030;0,203;8,5;15,5;24,6;10500;0,241;5,6;11,7;19,7;10910;0,212;5,6;11,0;18,6;10940;0,210;6,5;11,0;16,8;10220;0,262;5,0;7,2;13,3;11230;0,189;5,0;6,5;14,8;11870;0,143;7,6;14,6;25,3;11040;0,203;5,0;6,7;11,8;11110;0,198;5,0;8,1;13,8;10950;0,209;5,0;8,0;13,7;11080;0,199;7,8;16,7;28,5;11000;0,206;5,0;6,3;10,9;11030;0,204;8,5;18,0;31,2;11040;0,203;11,6;25,7;45,7;11170;0,194;7,6;15,8;27,0;11000;0,206;9,3;16,2;25,8;10640;0,231;6,3;13,4;25,0;11310;0,183;5,0;5,0;9,1;11300;0,184;5,0;8,0;14,0;11070;0,200;9,4;19,8;31,8;10760;0,223;5,0;7,6;13,5;11160;0,194;5,0;5,4;11,1;11580;0,164;18,7;38,5;58,5;10440;0,246;15,6;22,6;29,9;9050;0,346;5,0;7,2;15,2;11690;0,156;20,5;25,4;30,2;6990;0,495;47,4;72,9;84,9;8890;0,358
25;5,0;7,4;13,1;11150;0,195;7,9;13,9;20,7;10270;0,259;5,0;8,7;14,7;10920;0,211;5,0;8,5;15,0;11150;0,194;5,0;7,0;11,9;10920;0,211;5,0;5,0;9,8;11650;0,159;5,0;5,0;9,5;12050;0,130;5,8;10,2;18,4;11100;0,199;5,0;5,0;8,0;11260;0,186;5,0;6,3;10,8;10920;0,211;5,0;5,1;9,1;11170;0,193;5,7;14,0;24,7;11190;0,192;5,0;5,0;5,0;11590;0,163;8,0;17,3;29,6;10980;0,207;11,5;26,7;46,2;11050;0,202;5,7;11,3;18,8;10860;0,216;7,1;11,6;18,6;10380;0,251;5,0;9,1;18,2;11560;0,165;5,0;5,0;5,2;11610;0,162;5,0;6,3;11,4;11250;0,187;6,9;17,0;27,7;10850;0,217;5,0;6,6;11,8;11230;0,189;5,0;5,0;8,9;11690;0,156;15,9;35,8;53,9;10480;0,243;6,2;10,8;15,2;10000;0,278;5,0;5,4;12,0;11830;0,146;13,6;20,2;24,1;8780;0,366;47,1;74,7;87,1;9020;0,348
26;5,0;8,2;14,8;11200;0,191;6,3;12,4;19,9;10730;0,225;5,0;9,5;17,2;11210;0,190;5,0;9,8;17,6;11180;0,193;5,0;8,7;14,3;10780;0,221;5,0;5,9;11,4;11410;0,176;5,0;5,0;10,8;11950;0,137;6,3;11,8;21,2;11110;0,198;5,0;5,3;9,6;11200;0,191;5,0;7,5;13,1;11060;0,201;5,0;6,4;11,6;11230;0,189;5,4;13,4;25,1;11350;0,180;5,0;5,0;7,3;11280;0,186;7,6;16,7;29,8;11160;0,194;9,2;22,5;42,3;11350;0,180;6,7;13,7;23,5;10950;0,209;7,6;13,1;20,9;10480;0,243;5,3;10,9;21,4;11480;0,171;5,0;5,0;6,3;11450;0,173;5,0;7,0;13,3;11380;0,178;8,1;18,5;30,8;10920;0,211;5,0;6,3;11,2;11010;0,205;5,0;5,0;10,7;11770;0,150;16,1;36,8;57,1;10710;0,226;10,5;17,9;24,0;9750;0,296;5,0;6,1;13,1;11710;0,155;12,7;17,1;21,2;8370;0,396;48,1;73,8;85,4;8860;0,360
27;5,0;7,0;12,7;11170;0,194;5,8;11,7;19,3;10830;0,218;5,0;8,6;15,4;11110;0,198;5,0;8,1;14,5;11100;0,198;5,0;7,1;11,9;10920;0,212;5,0;5,0;9,1;11510;0,169;5,0;5,0;8,3;11960;0,136;5,5;10,0;18,2;11170;0,194;5,0;5,0;7,8;11170;0,193;5,0;6,3;11,0;11000;0,205;5,0;5,0;9,4;11330;0,182;5,4;13,0;23,3;11180;0,193;5,0;5,0;5,6;11390;0,178;7,3;16,1;28,3;11080;0,200;9,5;22,1;39,2;11140;0,196;5,2;10,6;18,4;10960;0,209;7,1;11,7;18,9;10610;0,234;5,0;8,8;17,7;11580;0,164;5,0;5,0;5,0;11510;0,169;5,0;5,6;10,7;11380;0,178;7,3;17,3;28,9;10910;0,212;5,0;7,9;13,4;10910;0,212;5,0;5,0;9,5;11700;0,155;16,3;37,0;56,6;10530;0,240;8,1;12,3;16,8;9360;0,324;5,0;5,1;10,8;11670;0,157;11,2;15,3;18,9;8200;0,408;46,0;72,6;87,6;9030;0,348
28;5,0;6,7;12,1;11170;0,193;5,5;11,3;18,0;10730;0,225;5,0;8,3;14,7;11160;0,194;5,0;7,8;14,1;11210;0,191;5,0;7,0;11,7;10730;0,225;5,0;5,0;8,6;11450;0,173;5,0;5,0;7,8;11960;0,136;5,4;9,3;16,3;10970;0,208;5,0;5,0;7,0;11170;0,194;5,0;5,8;10,0;11060;0,202;5,0;5,3;9,4;11160;0,194;5,2;11,9;22,5;11330;0,182;5,0;5,0;5,3;11430;0,174;7,5;16,1;28,0;11040;0,203;9,4;21,1;37,7;11170;0,194;5,6;11,2;18,6;10870;0,215;6,8;10,8;17,1;10320;0,255;5,0;8,2;15,6;11380;0,178;5,0;5,0;5,0;11550;0,166;5,0;5,7;10,9;11400;0,176;7,1;16,6;27,2;10890;0,214;5,0;6,9;12,0;10960;0,209;5,0;5,0;9,2;11700;0,155;18,9;40,6;60,4;10470;0,244;6,8;10,6;13,9;9410;0,320;5,0;5,0;10,1;11660;0,158;10,7;15,8;19,6;8850;0,361;53,6;77,8;89,5;8610;0,379
29;5,0;5,9;10,8;11240;0,188;7,6;12,8;19,3;10240;0,260;5,0;6,7;12,3;11240;0,188;5,0;6,5;11,6;11140;0,196;5,0;6,3;10,7;10910;0,212;5,0;5,0;8,1;11630;0,160;5,0;5,0;8,9;12070;0,128;5,8;10,7;19,2;11120;0,197;5,0;5,0;7,2;11230;0,189;5,0;5,4;9,7;11120;0,197;5,0;5,0;7,0;11450;0,173;5,0;8,0;15,1;11360;0,180;5,0;5,0;5,8;11420;0,175;7,0;14,6;26,0;11110;0,198;8,6;19,8;37,4;11320;0,183;6,0;11,6;19,4;10820;0,218;7,1;12,4;20,2;10740;0,225;5,0;9,3;18,4;11510;0,169;5,0;5,0;5,0;11520;0,168;5,0;5,0;7,2;11530;0,168;6,6;15,2;25,9;10990;0,206;5,0;5,4;9,6;11060;0,201;5,0;5,0;7,5;11710;0,155;15,6;32,5;50,5;10560;0,237;5,4;9,1;13,4;10000;0,278;5,0;5,0;9,9;11830;0,146;13,3;18,4;22,5;8060;0,418;43,2;65,9;83,1;9090;0,344
2A;5,0;9,5;15,8;10930;0,211;7,0;11,3;17,7;10120;0,269;5,2;9,6;16,6;10910;0,212;5,1;9,7;16,1;10900;0,212;5,1;9,3;14,8;10670;0,229;5,0;8,5;14,4;10990;0,207;5,0;10,6;18,0;11050;0,202;7,4;13,6;21,2;10900;0,213;5,0;8,3;13,5;10800;0,220;5,0;7,5;12,6;10830;0,218;5,0;6,7;12,1;11060;0,201;5,7;13,1;24,0;11260;0,187;5,0;5,7;9,2;10780;0,221;7,5;14,7;25,0;10980;0,207;7,5;18,0;34,5;11440;0,174;7,5;13,8;22,4;10820;0,219;8,6;14,6;21,1;10270;0,259;6,6;13,0;21,4;10990;0,207;5,0;7,0;11,6;10890;0,214;5,0;7,4;13,3;11120;0,197;8,0;14,7;23,8;10670;0,229;5,0;6,1;11,1;11250;0,188;5,0;5,0;9,4;11690;0,156;15,5;32,5;48,4;10510;0,241;12,4;19,4;25,8;9440;0,318;5,1;11,5;19,9;11070;0,200;11,5;15,3;19,0;7880;0,431;52,4;73,9;80,5;6800;0,509
2B;6,5;12,2;20,2;10900;0,213;10,9;17,5;27,4;10440;0,246;7,2;13,3;21,8;10790;0,221;7,3;13,2;21,7;10740;0,225;6,9;11,9;18,9;10570;0,236;5,3;10,4;17,6;11000;0,205;5,6;11,9;21,1;11150;0,195;9,8;17,3;27,6;10890;0,214;5,5;10,2;16,9;10870;0,215;5,3;10,1;16,6;10800;0,220;5,0;9,3;15,8;10880;0,215;8,0;16,4;29,2;11110;0,198;5,0;7,4;12,0;10870;0,215;10,0;18,9;31,6;10910;0,212;9,2;20,4;38,6;11330;0,182;10,3;18,4;29,5;10690;0,228;11,1;18,3;26,6;10160;0,267;8,7;16,4;28,3;11020;0,204;5,0;8,5;14,2;10940;0,210;5,3;9,9;17,3;11040;0,203;9,6;18,9;29,6;10680;0,229;5,0;7,0;12,7;11190;0,192;5,0;6,3;12,9;11610;0,161;20,5;37,4;57,4;10340;0,253;14,8;21,8;27,6;8830;0,362;5,8;12,8;22,8;11160;0,194;13,6;18,7;24,3;8590;0,380;50,1;71,7;81,1;7910;0,429
30;5,9;12,1;20,0;10850;0,216;10,1;18,9;28,9;10520;0,240;5,8;14,2;23,3;10900;0,213;6,7;14,1;22,8;10730;0,225;6,9;13,0;19,7;10360;0,251;5,0;9,4;16,1;11000;0,206;5,0;6,8;14,6;11710;0,154;8,8;16,1;26,8;10830;0,218;5,0;8,1;13,7;10920;0,211;5,2;10,6;16,8;10640;0,231;5,0;9,2;15,5;10940;0,210;9,3;22,0;35,7;10880;0,215;5,0;5,5;9,5;11030;0,204;10,8;23,2;37,4;10760;0,223;14,9;32,5;53,0;10810;0,220;9,1;19,2;30,7;10710;0,226;10,7;18,4;27,2;9890;0,286;7,4;14,4;26,4;11210;0,191;5,0;5,4;9,7;11180;0,193;5,2;10,9;18,1;10870;0,215;10,2;24,0;37,1;10680;0,229;5,0;9,6;16,1;10910;0,212;5,0;7,0;13,7;11500;0,169;20,4;43,1;62,5;10310;0,256;11,7;19,9;26,2;9590;0,308;5,0;9,4;17,9;11370;0,179;16,0;22,7;27,3;8540;0,383;45,9;76,6;89,0;9130;0,341
31;5,0;8,4;14,3;10950;0,210;11,6;18,2;26,1;9790;0,293;5,0;9,0;15,3;10990;0,207;5,0;8,4;14,5;11050;0,202;5,0;7,8;12,9;10850;0,216;5,0;5,7;10,6;11280;0,185;5,0;5,1;11,1;11730;0,153;8,2;13,5;21,5;10440;0,246;5,0;5,4;9,5;11060;0,201;5,0;6,6;11,3;10990;0,206;5,0;5,5;9,7;11170;0,193;6,5;15,6;26,7;11060;0,201;5,0;5,0;5,0;11110;0,198;8,3;16,8;28,1;10890;0,213;10,6;24,3;42,8;11140;0,195;7,1;13,0;20,7;10570;0,237;9,2;14,5;21,5;9730;0,297;7,3;12,6;21,5;10920;0,211;5,0;5,0;6,0;11240;0,189;5,0;6,3;11,2;11160;0,194;7,0;16,8;28,0;10980;0,207;5,0;8,4;14,1;10860;0,216;5,0;5,0;9,8;11460;0,172;14,7;32,7;52,9;10780;0,222;8,3;14,3;19,4;9790;0,293;5,0;7,1;13,8;11440;0,174;11,7;15,8;19,4;8230;0,406;47,4;73,0;86,7;8950;0,353
32;5,0;8,6;15,3;11110;0,198;8,8;15,3;23,5;10390;0,249;5,0;9,3;16,7;11200;0,191;5,0;9,2;15,8;10900;0,213;5,5;9,5;14,4;10270;0,258;5,0;6,7;12,7;11350;0,180;5,0;7,0;16,3;11910;0,140;7,1;14,3;25,4;11130;0,197;5,0;6,0;11,2;11280;0,185;5,0;7,0;12,3;11050;0,202;5,0;6,1;10,5;10960;0,208;6,8;14,6;25,2;10920;0,211;5,0;5,5;9,9;11140;0,195;8,0;16,8;29,6;11070;0,200;10,6;24,7;44,9;11220;0,190;7,4;14,8;25,5;11000;0,205;8,3;15,7;25,7;10880;0,214;6,1;13,1;25,2;11400;0,176;5,0;5,0;9,1;11540;0,166;5,0;6,9;12,1;11050;0,202;7,5;16,4;27,6;10930;0,211;5,0;6,4;11,0;10840;0,217;5,0;5,3;10,3;11450;0,173;15,2;33,3;52,2;10630;0,232;9,7;15,3;20,4;9470;0,316;5,0;7,1;15,8;11820;0,146;16,1;21,8;26,0;7760;0,440;45,8;68,4;81,6;8750;0,368
33;5,0;7,5;12,8;10950;0,209;9,2;15,0;22,2;10060;0,273;5,0;8,3;13,9;10900;0,213;5,0;7,9;13,5;10920;0,211;5,0;7,4;12,1;10690;0,228;5,0;5,2;9,9;11350;0,180;5,0;5,0;10,1;11810;0,147;7,1;12,2;20,0;10740;0,225;5,0;5,0;8,6;11100;0,199;5,0;6,1;10,4;10960;0,209;5,0;5,4;9,3;11020;0,204;6,0;13,4;22,8;10970;0,208;5,0;5,0;5,8;11070;0,201;7,2;14,4;24,3;10900;0,213;8,5;19,2;34,2;11130;0,196;6,5;11,7;18,8;10620;0,233;8,2;13,2;20,0;10010;0,277;6,2;11,3;20,0;11030;0,203;5,0;5,0;5,5;11310;0,183;5,0;5,8;10,1;11060;0,202;7,0;15,6;25,8;10890;0,214;5,0;7,5;12,7;10890;0,214;5,0;5,0;9,1;11440;0,174;14,9;32,2;51,1;10670;0,229;8,6;13,7;18,7;9620;0,305;5,0;6,2;12,3;11520;0,168;11,8;16,1;19,6;7980;0,424;49,7;74,1;84,6;8670;0,374
34;5,9;11,7;19,4;10850;0,217;13,5;21,7;31,5;9980;0,280;6,0;13,0;21,7;10910;0,212;6,2;13,2;21,7;10840;0,217;6,6;12,3;19,1;10470;0,244;5,0;8,5;15,0;11060;0,201;5,0;6,6;13,6;11620;0,161;9,3;16,0;25,8;10600;0,235;5,0;7,8;13,2;10910;0,212;5,0;9,9;16,2;10770;0,222;5,0;8,8;15,0;10970;0,208;9,2;20,9;34,6;10920;0,211;5,0;5,2;8,9;10980;0,207;10,3;20,9;34,1;10790;0,221;11,8;27,1;46,9;11050;0,202;9,7;18,2;28,7;10560;0,237;11,0;18,1;27,0;9850;0,289;8,0;14,4;24,9;10970;0,208;5,0;5,2;9,1;11140;0,196;5,1;10,5;17,7;10930;0,211;9,4;21,2;33,9;10770;0,222;5,0;9,5;16,2;10950;0,209;5,0;7,1;13,8;11470;0,172;18,7;39,9;59,2;10390;0,250;10,8;17,9;24,2;9610;0,306;5,0;8,9;16,8;11350;0,181;14,4;20,2;24,4;8430;0,391;47,2;72,5;85,8;8930;0,355
35;5,0;6,0;10,8;11200;0,191;7,8;13,5;20,2;10270;0,258;5,0;6,8;12,1;11160;0,194;5,0;6,1;11,2;11240;0,188;5,0;5,4;9,4;11010;0,205;5,0;5,0;7,5;11650;0,159;5,0;5,0;8,6;12150;0,122;5,9;10,4;18,4;11050;0,202;5,0;5,0;7,0;11260;0,186;5,0;5,2;9,5;11180;0,192;5,0;5,0;7,0;11360;0,180;5,0;9,5;17,1;11200;0,191;5,0;5,0;5,0;11600;0,162;6,9;14,4;25,1;11060;0,201;9,6;21,8;39,0;11170;0,193;5,1;9,3;15,8;10880;0,214;7,0;11,6;19,0;10670;0,229;5,0;9,4;18,0;11400;0,177;5,0;5,0;5,0;11630;0,160;5,0;5,0;7,4;11390;0,178;6,6;15,8;27,1;11030;0,203;5,0;7,4;12,6;10980;0,207;5,0;5,0;7,7;11630;0,160;14,1;31,4;50,4;10770;0,222;5,3;9,2;13,4;10100;0,271;5,0;5,0;10,3;11800;0,148;10,4;14,4;18,0;8400;0,393;45,7;68,6;84,1;8970;0,352
36;5,0;8,6;15,4;11190;0,192;8,2;16,2;24,8;10610;0,234;5,0;11,9;19,9;10970;0,208;5,0;10,1;17,5;11110;0,198;5,0;9,0;14,6;10700;0,228;5,0;5,8;11,6;11570;0,165;5,0;5,0;12,0;12060;0,129;5,9;11,6;21,5;11270;0,186;5,0;5,1;9,3;11260;0,187;5,0;8,0;13,9;11070;0,200;5,0;7,0;12,6;11260;0,187;7,5;18,6;31,1;11050;0,202;5,0;5,0;8,4;11370;0,179;8,4;18,9;32,7;11080;0,200;10,7;24,1;42,0;11080;0,200;6,5;14,7;25,0;11070;0,201;7,7;13,5;22,8;10910;0,212;5,0;10,0;20,4;11610;0,161;5,0;5,0;6,4;11620;0,161;5,0;7,3;13,2;11240;0,189;8,1;20,6;33,4;10880;0,214;5,0;8,8;14,4;10890;0,214;5,0;5,5;11,2;11590;0,163;19,4;40,5;61,0;10410;0,248;9,3;15,4;20,9;9520;0,312;5,0;5,9;13,2;11870;0,143;16,3;22,8;27,3;7910;0,429;44,4;70,9;81,8;8890;0,358
37;5,0;7,2;12,8;11060;0,201;8,2;14,6;22,4;10430;0,247;5,0;8,7;15,1;11030;0,204;5,0;8,0;13,8;10930;0,211;5,0;7,4;12,0;10690;0,228;5,0;5,0;9,4;11550;0,166;5,0;5,0;9,3;12030;0,131;6,6;11,5;20,3;11010;0,205;5,0;5,0;7,8;11220;0,190;5,0;6,4;11,1;11020;0,204;5,0;5,0;8,9;11240;0,188;6,1;13,7;23,1;10930;0,211;5,0;5,0;5,0;11530;0,167;8,1;16,8;28,4;10910;0,212;10,4;22,7;39,1;11000;0,206;5,8;10,8;17,8;10700;0,227;8,2;13,3;21,6;10450;0,245;5,4;10,0;19,2;11380;0,178;5,0;5,0;5,0;11640;0,160;5,0;5,3;9,8;11270;0,186;7,4;18,1;29,5;10820;0,219;5,0;8,3;13,1;10540;0,239;5,0;5,0;9,3;11540;0,166;17,6;38,6;59,0;10590;0,235;6,3;11,2;15,7;10000;0,278;5,0;5,0;10,7;11810;0,147;15,2;20,5;24,8;8170;0,410;53,1;76,3;89,5;8730;0,370
38;5,0;6,6;11,8;11150;0,194;7,9;13,3;20,3;10330;0,254;5,0;7,9;13,8;11090;0,199;5,0;7,3;13,2;11210;0,190;5,0;6,2;10,7;10960;0,208;5,0;5,0;8,5;11460;0,173;5,0;5,0;8,8;11920;0,139;6,1;10,3;17,8;10950;0,209;5,0;5,0;7,6;11180;0,193;5,0;5,7;10,1;11100;0,199;5,0;5,0;8,1;11270;0,186;5,0;11,5;21,1;11260;0,187;5,0;5,0;5,0;11420;0,175;7,2;15,1;26,4;11070;0,200;9,3;21,4;38,6;11210;0,191;5,6;10,1;16,6;10760;0,223;7,1;11,2;17,3;10150;0,267;5,2;9,5;18,2;11370;0,179;5,0;5,0;5,0;11430;0,175;5,0;5,3;10,0;11340;0,181;6,4;15,2;25,8;11020;0,204;5,0;5,7;10,0;11070;0,200;5,0;5,0;8,4;11710;0,155;15,7;34,8;54,0;10650;0,231;8,3;14,0;19,6;9830;0,290;5,0;5,5;11,1;11570;0,165;10,9;15,4;19,2;8400;0,393;52,2;76,6;88,3;8760;0,367
39;5,0;6,3;11,8;11330;0,181;5,4;10,6;16,6;10700;0,227;5,0;7,7;13,8;11220;0,189;5,0;7,4;13,4;11170;0,193;5,0;6,3;11,0;11060;0,201;5,0;5,0;9,3;11740;0,152;5,0;5,0;9,8;12040;0,130;5,0;9,6;18,5;11400;0,177;5,0;5,0;7,5;11280;0,186;5,0;5,9;10,6;11260;0,187;5,0;5,0;8,9;11310;0,183;5,0;10,1;19,3;11410;0,176;5,0;5,0;6,0;11420;0,175;6,2;14,3;26,2;11290;0,185;8,9;21,6;40,1;11310;0,183;5,0;10,3;18,9;11270;0,186;6,1;10,8;18,6;10940;0,210;5,0;8,5;18,4;11750;0,152;5,0;5,0;5,0;11530;0,167;5,0;5,1;9,8;11440;0,174;5,8;14,9;25,3;11090;0,199;5,0;5,1;9,6;11380;0,178;5,0;5,0;8,4;11700;0,155;14,7;33,8;52,4;10660;0,230;7,7;12,0;16,4;9540;0,311;5,0;5,1;11,5;11840;0,145;14,2;18,3;22,7;7990;0,423;43,8;68,5;84,5;9040;0,347
40;5,0;6,3;11,7;11280;0,185;5,4;10,5;17,8;10890;0,213;5,0;7,2;13,6;11310;0,183;5,0;7,2;13,1;11170;0,193;5,0;7,0;11,7;10760;0,223;5,0;5,0;9,0;11500;0,170;5,0;5,0;10,2;12020;0,132;5,6;10,7;19,5;11190;0,192;5,0;5,0;8,1;11270;0,186;5,0;5,7;10,0;11050;0,202;5,0;5,0;8,9;11390;0,177;5,0;9,9;19,9;11560;0,165;5,0;5,0;6,7;11250;0,187;5,8;12,7;23,7;11290;0,184;8,7;21,1;39,1;11290;0,184;5,0;10,3;19,4;11290;0,184;6,6;11,4;18,4;10680;0,228;5,0;10,1;20,3;11540;0,166;5,0;5,0;5,2;11600;0,162;5,0;5,0;9,4;11460;0,172;6,8;15,4;26,3;10990;0,206;5,0;5,0;8,7;11560;0,165;5,0;5,0;8,2;11770;0,150;12,5;29,3;48,0;10860;0,216;8,2;13,2;18,9;9800;0,292;5,0;5,0;10,8;11800;0,148;13,1;17,0;21,1;7690;0,445;47,1;69,2;81,8;8760;0,367
41;5,0;7,4;13,2;11120;0,197;6,6;12,1;20,3;10860;0,216;5,0;10,3;17,6;10980;0,207;5,0;9,1;15,8;11040;0,202;5,0;7,6;12,5;10750;0,224;5,0;5,0;9,1;11350;0,180;5,0;5,0;8,5;12080;0,127;5,4;10,0;17,9;11120;0,197;5,0;5,0;7,3;11260;0,187;5,0;6,5;11,4;11040;0,203;5,0;5,8;10,3;11120;0,197;7,0;16,0;27,6;11080;0,200;5,0;5,0;6,2;11390;0,177;8,4;18,0;30,7;10970;0,208;11,7;25,7;43,8;10970;0,208;5,7;11,8;20,2;10940;0,210;6,9;11,8;19,2;10760;0,223;5,0;8,6;16,9;11500;0,170;5,0;5,0;5,0;11530;0,167;5,0;6,8;12,3;11190;0,192;6,9;16,9;28,2;10910;0,212;5,0;8,7;14,9;10940;0,210;5,0;5,1;10,4;11590;0,163;18,1;39,1;59,7;10540;0,239;8,2;12,8;16,7;9350;0,325;5,0;5,0;9,8;11780;0,149;14,9;20,1;25,1;8250;0,404;49,7;74,6;87,9;8850;0,361
42;5,0;9,0;15,8;11080;0,200;9,6;16,8;25,4;10340;0,253;5,2;11,1;18,6;10900;0,213;5,0;10,8;18,4;10970;0,208;5,0;9,1;14,9;10740;0,224;5,0;5,2;11,1;11730;0,153;5,0;5,0;10,6;12020;0,132;6,4;11,5;21,0;11160;0,194;5,0;5,2;9,5;11210;0,190;5,0;8,2;13,8;10860;0,215;5,0;6,8;11,8;11090;0,199;7,4;16,8;29,0;11020;0,204;5,0;5,0;6,4;11510;0,169;9,5;19,7;33,2;10920;0,211;10,5;24,1;42,2;11100;0,199;8,7;16,5;26,8;10710;0,226;7,9;13,0;21,3;10500;0,242;5,2;10,2;20,7;11590;0,163;5,0;5,0;6,3;11530;0,167;5,0;8,3;14,7;11100;0,198;8,5;20,4;32,7;10830;0,218;5,0;8,6;14,8;10940;0,210;5,0;5,4;11,3;11670;0,157;20,5;43,5;63,1;10270;0,258;9,9;17,4;23,7;9820;0,291;5,0;5,9;13,1;11810;0,147;15,0;20,9;25,6;8640;0,376;48,9;74,9;86,9;8910;0,357
43;5,0;6,4;12,3;11370;0,179;5,6;10,2;16,8;10740;0,224;5,0;7,0;12,8;11180;0,193;5,0;7,1;12,8;11140;0,195;5,0;7,1;12,0;10940;0,210;5,0;5,0;10,4;11760;0,151;5,0;5,0;12,6;12100;0,126;5,5;11,1;21,4;11420;0,175;5,0;5,0;8,7;11540;0,167;5,0;5,6;10,4;11350;0,180;5,0;5,0;8,2;11310;0,183;5,0;10,1;18,2;11160;0,194;5,0;5,0;7,9;11440;0,174;6,3;13,9;25,9;11300;0,184;8,7;20,9;39,0;11300;0,184;5,6;11,8;22,0;11300;0,184;7,1;13,2;22,7;11010;0,205;5,0;9,3;20,3;11800;0,148;5,0;5,0;6,2;11800;0,148;5,0;5,0;9,2;11320;0,182;6,6;15,3;27,1;11150;0,195;5,0;5,0;8,3;11090;0,199;5,0;5,0;7,6;11820;0,147;15,2;32,3;51,3;10680;0,229;8,7;14,9;21,7;10010;0,277;5,0;5,6;13,1;11920;0,139;14,9;20,0;24,3;8240;0,405;41,3;63,9;79,0;9100;0,343
44;5,0;5,8;10,5;11200;0,191;6,7;11,7;18,1;10410;0,248;5,0;6,5;11,6;11140;0,196;5,0;6,2;10,9;11110;0,198;5,0;5,6;9,9;11000;0,206;5,0;5,0;8,0;11710;0,155;5,0;5,0;8,2;12090;0,127;5,4;9,7;17,5;11120;0,197;5,0;5,0;6,9;11360;0,180;5,0;5,3;9,5;11140;0,195;5,0;5,0;6,9;11250;0,187;5,0;9,6;17,0;11150;0,195;5,0;5,0;5,0;11510;0,169;6,7;14,2;25,0;11070;0,200;9,8;22,5;40,2;11170;0,193;5,0;8,7;14,9;10870;0,215;6,5;10,9;18,0;10680;0,229;5,0;8,7;17,1;11490;0,170;5,0;5,0;5,0;11750;0,151;5,0;5,0;7,4;11320;0,183;6,3;15,4;26,4;11040;0,202;5,0;7,5;12,4;10830;0,218;5,0;5,0;7,4;11650;0,159;13,4;30,0;47,8;10740;0,225;6,2;10,6;15,4;9960;0,280;5,0;5,0;9,8;11840;0,145;10,0;14,5;17,7;8560;0,382;46,6;72,5;88,3;9050;0,346
45;5,0;7,8;13,9;11140;0,195;7,2;13,4;21,0;10590;0,235;5,0;10,0;17,4;11080;0,200;5,0;9,1;16,5;11220;0,190;5,0;7,4;12,8;10940;0,210;5,0;5,0;9,4;11330;0,182;5,0;5,0;7,8;11820;0,146;5,8;9,8;16,8;10900;0,213;5,0;5,0;7,7;11070;0,201;5,0;6,6;11,8;11120;0,197;5,0;5,9;10,7;11210;0,190;6,3;15,2;27,7;11270;0,186;5,0;5,0;5,4;11420;0,175;8,2;17,5;30,4;11040;0,203;9,9;23,2;41,3;11180;0,192;6,7;12,5;20,7;10810;0,219;7,2;11,4;17,6;10010;0,277;5,0;8,5;16,0;11320;0,182;5,0;5,0;5,0;11280;0,186;5,0;6,8;13,0;11360;0,179;7,4;17,6;29,2;10920;0,211;5,0;9,0;15,4;11000;0,206;5,0;5,3;11,2;11680;0,157;19,0;40,1;60,9;10520;0,240;7,4;12,4;16,6;9670;0,301;5,0;5,0;10,1;11600;0,162;13,0;17,7;21,0;8130;0,413;52,9;79,5;89,5;8720;0,370
46;5,0;8,7;15,3;11060;0,202;7,7;14,2;22,6;10510;0,241;5,0;9,9;17,6;11040;0,203;5,2;10,6;17,9;10910;0,212;5,8;10,2;15,6;10270;0,258;5,0;6,5;12,0;11270;0,186;5,0;6,2;14,0;11870;0,143;7,3;13,9;24,2;11030;0,203;5,0;6,1;10,8;11030;0,203;5,0;8,1;13,6;10820;0,218;5,0;6,9;11,8;11010;0,205;5,6;12,7;24,8;11430;0,174;5,0;5,9;10,5;11120;0,197;8,2;16,9;29,5;10990;0,206;10,9;25,4;45,3;11120;0,197;7,5;14,9;25,6;10920;0,212;9,4;15,9;25,5;10670;0,229;5,6;12,4;23,2;11350;0,180;5,0;5,0;8,2;11300;0,184;5,0;7,0;12,7;11160;0,194;8,8;18,5;30,5;10770;0,222;5,0;6,1;10,8;11000;0,206;5,0;5,1;10,5;11640;0,159;15,9;34,2;52,1;10550;0,238;11,6;19,7;26,9;9780;0,294;5,0;6,4;13,7;11750;0,151;17,9;23,6;28,2;7780;0,438;54,4;74,0;84,6;8300;0,400
47;5,0;10,0;17,7;11150;0,195;8,3;15,2;24,3;10700;0,227;5,0;11,1;20,2;11210;0,190;5,5;11,5;19,8;11020;0,204;6,0;11,4;17,7;10550;0,238;5,0;7,6;14,3;11290;0,185;5,0;7,0;15,9;11870;0,143;7,0;13,9;25,0;11140;0,196;5,0;6,7;12,0;11180;0,192;5,0;8,7;14,5;10900;0,213;5,0;8,1;14,1;11090;0,199;7,8;18,1;32,9;11280;0,185;5,0;5,9;10,7;11230;0,189;8,6;19,1;33,3;11090;0,199;10,5;25,0;45,5;11260;0,187;8,2;17,7;30,4;11030;0,204;8,4;15,4;24,8;10680;0,229;5,9;12,7;25,1;11490;0,171;5,0;5,0;9,2;11450;0,173;5,0;9,0;16,1;11200;0,191;8,8;20,3;33,1;10880;0,215;5,0;7,8;13,9;11210;0,191;5,0;6,2;12,8;11640;0,159;17,6;38,9;59,3;10540;0,239;11,8;18,1;24,0;9330;0,326;5,0;7,9;16,7;11700;0,155;15,0;20,0;24,5;7720;0,442;43,9;72,5;85,0;9090;0,343
48;5,0;8,7;15,5;11070;0,201;7,4;12,3;19,7;10490;0,242;5,0;9,4;16,2;11070;0,201;5,0;9,7;17,0;11010;0,205;5,7;9,6;15,2;10520;0,240;5,0;6,8;12,5;11230;0,189;5,0;7,2;16,2;11860;0,144;7,1;14,2;24,7;11030;0,203;5,0;6,1;11,1;11260;0,187;5,0;7,8;13,4;11010;0,205;5,0;6,7;11,2;10980;0,207;5,6;11,9;22,3;11160;0,194;5,0;6,2;10,8;11040;0,202;7,0;14,9;26,8;11100;0,198;8,2;19,6;36,9;11320;0,182;6,7;13,5;23,8;11020;0,204;8,6;16,2;26,6;10860;0,215;5,8;12,3;23,0;11300;0,184;5,0;5,0;8,3;11490;0,170;5,0;7,0;12,4;11060;0,201;7,5;16,9;28,3;10960;0,209;s;7,1;13,0;11020;0,204;5,0;5,0;9,8;11600;0,162;16,3;36,5;54,1;10310;0,255;13,1;22,8;31,4;9870;0,287;5,0;7,5;15,9;11710;0,154;s;18,8;22,9;8080;0,417;45,8;64,6;78,5;8600;0,379
49;5,0;6,1;11,5;11330;0,182;6,7;12,1;19,4;10720;0,226;5,0;7,3;13,3;11230;0,189;5,0;6,4;12,2;11360;0,179;5,0;5,9;10,2;11000;0,206;5,0;5,0;8,4;11730;0,153;5,0;5,0;8,9;12280;0,113;5,6;10,1;18,5;11190;0,192;5,0;5,0;7,1;11450;0,173;5,0;5,9;10,7;11200;0,191;5,0;5,0;8,2;11410;0,176;5,0;9,4;17,8;11390;0,177;5,0;5,0;5,0;11710;0,154;6,6;14,8;26,6;11180;0,192;8,0;19,4;36,0;11280;0,185;5,2;10,0;17,0;10930;0,211;6,8;11,7;19,1;10680;0,229;5,0;8,9;18,0;11570;0,164;5,0;5,0;5,0;11920;0,140;5,0;5,0;8,7;11570;0,164;7,0;17,9;30,4;11030;0,203;5,0;7,2;12,7;11130;0,196;5,0;5,0;8,7;11740;0,152;16,0;36,5;56,7;10670;0,230;5,8;9,5;14,0;10060;0,274;5,0;5,0;10,0;11980;0,135;11,1;15,0;18,5;8210;0,407;47,4;74,2;86,1;8970;0,352
50;5,0;6,1;11,7;11390;0,177;5,0;9,2;15,8;10910;0,212;5,0;7,0;13,2;11330;0,182;5,0;7,0;12,9;11280;0,186;5,0;6,8;11,4;10760;0,223;5,0;5,0;9,4;11680;0,157;5,0;5,0;10,8;12250;0,115;5,3;10,3;19,7;11380;0,178;5,0;5,0;7,8;11520;0,168;5,0;6,0;10,6;11090;0,199;5,0;5,0;8,4;11490;0,170;5,0;9,4;18,2;11450;0,173;5,0;5,0;6,4;11440;0,174;5,7;12,3;23,5;11370;0,179;7,4;16,1;31,0;11400;0,176;5,0;9,6;17,9;11340;0,181;6,5;11,6;19,6;10930;0,211;5,0;9,2;19,7;11740;0,152;5,0;5,0;5,2;11890;0,141;5,0;5,0;9,1;11580;0,164;7,3;16,4;28,0;10930;0,211;5,0;5,0;8,7;11140;0,196;5,0;5,0;8,3;11790;0,149;16,1;35,0;55,5;10660;0,230;7,1;11,4;16,1;9790;0,293;5,0;5,0;11,7;11940;0,137;13,5;17,4;21,5;7640;0,448;46,6;69,2;81,6;8780;0,366
51;5,0;8,6;15,0;11040;0,202;9,6;17,2;25,5;10230;0,261;5,0;11,0;18,9;11050;0,202;5,0;9,7;16,9;10990;0,207;5,0;7,9;13,3;10830;0,218;5,0;5,0;10,1;11560;0,165;5,0;5,0;8,7;12020;0,132;7,1;11,9;19,9;10790;0,221;5,0;5,1;9,0;11090;0,199;5,0;7,8;13,2;10910;0,212;5,0;6,4;11,5;11170;0,194;6,8;16,2;29,1;11180;0,193;5,0;5,0;5,0;11390;0,178;8,1;17,2;29,3;10970;0,208;9,4;21,0;36,5;11050;0,202;6,3;11,5;18,9;10710;0,227;8,6;13,3;20,4;10030;0,276;6,0;10,7;19,6;11190;0,192;5,0;5,0;5,2;11530;0,167;5,0;6,7;12,7;11340;0,181;8,8;21,3;33,5;10740;0,224;5,0;8,9;15,8;11190;0,192;5,0;5,7;11,6;11620;0,161;20,7;44,8;65,6;10390;0,250;5,9;9,5;12,7;9490;0,315;5,0;5,6;11,8;11690;0,156;9,6;13,3;16,1;8500;0,386;50,5;76,4;89,4;8930;0,355
52;5,0;8,3;15,3;11260;0,187;6,7;13,9;22,5;10790;0,221;5,0;10,8;19,3;11120;0,197;5,0;9,6;17,8;11230;0,189;5,0;8,8;14,3;10800;0,220;5,0;5,6;11,5;11580;0,163;5,0;5,0;11,6;11940;0,138;6,3;11,9;21,8;11190;0,192;5,0;5,0;9,5;11340;0,181;5,0;6,8;12,2;11210;0,191;5,0;6,8;12,9;11360;0,179;5,5;15,8;28,9;11170;0,193;5,0;5,0;8,1;11480;0,171;7,7;17,7;31,5;11120;0,197;9,9;23,0;41,1;11140;0,196;5,8;13,2;23,3;11090;0,199;7,3;12,8;20,7;10710;0,227;5,5;11,2;22,7;11560;0,165;5,0;5,0;6,3;11760;0,151;5,0;6,8;13,5;11540;0,167;8,2;20,9;33,1;10780;0,221;5,0;6,3;12,2;11390;0,177;5,0;5,0;11,2;11840;0,145;17,9;43,1;63,3;10460;0,245;7,0;11,0;15,1;9630;0,305;5,0;6,1;13,7;11780;0,149;17,8;26,8;32,8;8850;0,361;44,8;72,4;86,1;9050;0,346
53;5,0;6,0;11,5;11400;0,177;5,2;10,0;16,5;10810;0,220;5,0;6,8;13,0;11390;0,177;5,0;6,4;12,2;11390;0,178;5,0;6,3;10,9;10930;0,211;5,0;5,0;8,6;11530;0,167;5,0;5,0;10,7;12330;0,109;5,0;9,8;18,9;11430;0,175;5,0;5,0;7,3;11480;0,171;5,0;5,7;10,1;11040;0,202;5,0;5,0;7,7;11450;0,173;5,0;9,6;18,5;11440;0,174;5,0;5,0;6,0;11570;0,165;6,4;14,0;26,2;11300;0,184;8,6;21,1;39,4;11350;0,180;5,2;10,4;19,3;11260;0,187;6,4;11,2;19,2;10890;0,214;5,0;8,5;18,7;11840;0,145;5,0;5,0;5,2;11830;0,146;5,0;5,0;9,1;11490;0,170;6,7;16,7;29,0;11050;0,202;5,0;6,3;11,7;11270;0,186;5,0;5,0;8,5;11820;0,147;16,9;38,0;59,5;10590;0,235;5,0;8,9;13,8;10430;0,247;5,0;5,0;11,0;12010;0,133;13,9;17,7;20,9;7320;0,471;51,3;76,7;88,5;8700;0,372
54;5,0;9,2;15,3;10810;0,219;11,7;18,8;26,7;9820;0,291;5,5;11,4;18,3;10720;0,226;5,3;10,5;17,2;10670;0,229;5,0;8,7;13,9;10550;0,238;5,0;5,6;10,6;11330;0,182;5,0;5,0;10,2;12060;0,129;8,0;13,2;21,4;10460;0,245;5,0;5,5;9,5;10940;0,210;5,0;7,5;12,4;10740;0,224;5,0;7,0;11,7;10880;0,214;8,1;17,7;29,5;10940;0,210;5,0;5,0;6,3;11220;0,189;10,2;20,3;32,5;10650;0,231;12,5;26,7;44,2;10850;0,216;8,7;15,7;24,0;10340;0,253;9,8;15,3;22,0;9460;0,316;6,6;11,6;20,8;11110;0,198;5,0;5,0;6,1;11280;0,186;5,0;7,6;13,1;10970;0,208;8,6;19,9;30,9;10690;0,228;5,0;8,8;14,9;10890;0,214;5,0;5,5;11,0;11550;0,166;23,3;46,0;64,9;10130;0,268;6,9;11,3;15,4;9760;0,295;5,0;6,3;13,1;11630;0,160;5,0;7,4;10,5;9750;0,296;54,8;80,9;90,1;8630;0,377
55;5,0;8,2;14,8;11160;0,194;9,3;16,9;25,0;10420;0,247;5,0;10,1;17,9;11110;0,198;5,0;8,8;15,8;11120;0,197;5,0;8,3;13,6;10670;0,229;5,0;5,7;11,5;11520;0,168;5,0;5,0;12,1;12050;0,130;6,5;12,3;21,7;11080;0,200;5,0;5,5;9,8;11210;0,190;5,0;7,6;12,8;10940;0,210;5,0;6,1;11,8;11480;0,171;5,9;13,9;25,6;11150;0,195;5,0;5,0;8,1;11520;0,168;8,7;18,7;31,7;10930;0,210;11,6;25,2;42,7;10940;0,210;7,4;15,7;26,6;10930;0,211;7,5;12,9;20,7;10530;0,239;5,7;11,8;22,6;11390;0,178;5,0;5,0;6,7;11540;0,167;5,0;6,4;12,3;11430;0,175;9,1;20,8;33,1;10760;0,223;5,0;6,3;11,8;11240;0,188;5,0;5,0;10,6;11760;0,151;22,1;44,3;66,1;10380;0,250;5,6;9,1;12,6;9810;0,292;5,0;6,4;13,9;11790;0,149;7,1;10,1;14,0;9050;0,346;50,7;77,2;87,4;8800;0,365
56;5,0;6,0;11,1;11270;0,186;6,1;11,4;18,3;10650;0,231;5,0;7,5;13,5;11210;0,191;5,0;6,9;12,5;11200;0,191;5,0;6,6;11,0;10820;0,218;5,0;5,0;8,1;11610;0,161;5,0;5,0;8,9;12030;0,131;5,4;10,3;19,0;11250;0,188;5,0;5,0;7,2;11240;0,188;5,0;5,9;10,4;11090;0,199;5,0;5,0;7,7;11370;0,179;5,0;8,8;16,6;11380;0,178;5,0;5,0;6,1;11420;0,175;6,4;13,9;25,0;11170;0,193;10,0;22,2;40,3;11190;0,192;5,0;9,9;17,6;11150;0,195;6,7;11,7;19,7;10880;0,214;5,0;9,2;18,5;11560;0,165;5,0;5,0;5,0;11590;0,163;5,0;5,0;8,1;11490;0,170;7,0;16,1;27,1;10940;0,210;5,0;5,8;10,2;11040;0,202;5,0;5,0;8,1;11740;0,152;14,7;31,1;48,7;10590;0,235;5,9;10,2;15,0;10150;0,267;5,0;5,0;9,7;11820;0,146;13,4;17,5;21,7;8000;0,422;47,4;70,0;84,7;8910;0,356
57;5,1;9,6;15,9;10780;0,221;10,0;16,8;24,4;10080;0,272;6,8;12,9;20,1;10510;0,241;6,2;12,0;19,2;10670;0,230;5,0;8,7;13,7;10520;0,240;5,0;5,9;11,0;11300;0,184;5,0;5,0;11,6;11910;0,140;7,4;12,4;21,0;10830;0,218;5,0;5,9;9,9;10870;0,215;5,0;8,0;12,8;10650;0,231;5,0;7,9;12,8;10720;0,226;9,4;19,5;32,3;10830;0,218;5,0;5,0;7,4;10980;0,207;10,0;19,7;31,8;10710;0,227;12,1;25,6;42,5;10860;0,216;8,4;15,4;24,1;10500;0,241;8,8;13,3;19,5;9480;0,315;6,3;11,8;22,2;11320;0,182;5,0;5,0;6,5;11180;0,193;5,0;8,9;15,0;10850;0,217;10,1;21,3;32,0;10520;0,240;5,0;8,4;14,4;10930;0,211;5,0;6,6;12,7;11420;0,176;23,9;45,1;62,7;10000;0,278;8,2;13,0;17,4;9470;0,316;5,0;6,7;13,5;11570;0,164;5,0;5,8;8,2;9430;0,319;57,6;79,6;89,6;8100;0,415
58;5,0;9,2;16,1;11050;0,202;8,7;16,7;25,4;10540;0,239;6,2;12,2;20,6;10900;0,213;5,8;11,6;19,2;10860;0,216;6,1;10,8;16,8;10510;0,241;5,0;6,1;12,3;11540;0,167;5,0;5,0;10,7;11970;0,136;6,5;12,2;22,2;11150;0,195;5,0;5,5;9,8;11140;0,196;5,0;8,8;14,5;10860;0,216;5,0;7,9;13,6;11110;0,197;9,0;18,4;31,5;10920;0,211;5,0;5,3;9,6;11220;0,190;9,3;19,3;32,9;10950;0,209;11,7;24,5;42,6;11060;0,201;8,1;16,6;27,9;10900;0,212;8,5;14,6;23,6;10750;0,224;5,0;10,3;21,1;11600;0,162;5,0;5,0;6,7;11520;0,168;5,0;8,5;14,8;11030;0,204;9,1;20,4;32,6;10820;0,219;5,1;9,0;14,8;10790;0,221;5,0;6,1;12,1;11490;0,171;19,3;41,5;61,1;10440;0,246;10,4;16,2;22,1;9540;0,311;5,0;5,8;13,0;11810;0,147;18,4;24,6;29,5;7590;0,452;45,0;67,3;81,9;8930;0,355
59;5,2;11,2;19,5;11050;0,202;10,8;20,3;30,3;10400;0,249;5,5;13,2;22,6;11030;0,204;5,5;12,3;21,3;11030;0,204;5,7;11,2;18,3;10730;0,225;5,0;7,1;14,1;11510;0,168;5,0;5,0;12,7;12080;0,128;8,4;14,3;24,3;10850;0,216;5,0;6,9;12,2;11140;0,196;5,0;9,7;16,2;10910;0,212;5,0;8,6;15,2;11170;0,193;8,0;19,8;34,4;11110;0,198;5,0;5,0;7,5;11470;0,171;10,0;22,2;37,2;10920;0,211;10,9;25,5;44,0;11060;0,201;9,0;18,4;29,3;10680;0,229;10,4;16,5;24,8;9850;0,288;6,9;12,7;23,8;11310;0,183;5,0;5,0;7,8;11590;0,163;5,0;9,6;17,5;11220;0,190;9,5;24,3;38,2;10810;0,220;5,0;10,5;18,5;11100;0,198;5,0;6,7;14,1;11670;0,157;21,8;47,0;67,7;10330;0,254;7,4;12,7;16,8;9600;0,307;5,0;8,3;17,1;11630;0,160;10,1;16,2;22,0;9540;0,311;45,4;76,1;89,5;9200;0,336
60;5,0;7,6;13,4;11140;0,196;6,4;13,0;20,2;10720;0,226;5,0;9,3;16,3;11100;0,199;5,0;8,6;15,3;11130;0,196;5,0;7,1;12,1;10940;0,210;5,0;5,0;9,5;11380;0,178;5,0;5,0;8,7;11910;0,140;5,7;9,7;16,8;10960;0,209;5,0;5,0;8,2;11170;0,194;5,0;6,3;10,8;11030;0,203;5,0;5,7;10,2;11150;0,195;5,8;13,9;25,1;11230;0,189;5,0;5,0;5,3;11430;0,174;7,7;16,6;28,7;11040;0,203;8,8;20,7;36,5;11150;0,195;6,3;11,9;19,5;10760;0,223;7,0;10,9;16,8;10120;0,269;5,0;8,7;16,7;11390;0,177;5,0;5,0;5,0;11530;0,168;5,0;6,4;12,0;11320;0,182;7,4;17,4;28,3;10870;0,215;5,0;8,2;14,6;11140;0,196;5,0;5,0;10,0;11680;0,156;18,6;40,3;60,2;10500;0,242;7,8;12,3;16,5;9430;0,319;5,0;5,7;11,6;11600;0,162;10,2;14,4;17,9;8390;0,394;52,2;78,3;89,2;8760;0,368
61;5,0;8,7;15,6;11130;0,196;7,5;14,5;23,0;10690;0,228;5,3;11,6;19,9;11060;0,201;5,0;10,4;18,2;11050;0,202;5,5;9,7;15,4;10470;0,244;5,0;6,0;11,5;11420;0,175;5,0;5,0;10,7;12210;0,118;7,1;12,9;23,0;11100;0,199;5,0;5,2;9,5;11170;0,194;5,0;8,0;14,0;11010;0,205;5,0;6,8;12,1;11230;0,189;7,0;15,2;27,2;11160;0,194;5,0;5,0;7,9;11380;0,178;8,9;18,8;32,4;11010;0,205;12,3;26,4;44,4;10920;0,211;6,4;13,2;23,6;11140;0,195;9,4;15,8;25,1;10540;0,239;5,2;10,6;21,4;11570;0,165;5,0;5,0;6,3;11620;0,161;5,0;7,2;13,7;11360;0,179;9,6;21,7;33,8;10630;0,232;5,0;7,9;13,7;10930;0,211;5,0;5,6;11,8;11660;0,158;21,8;44,7;65,5;10300;0,256;7,5;12,9;17,4;9750;0,296;5,0;5,9;13,0;11810;0,147;16,8;22,2;26,6;8090;0,416;54,9;79,5;90,7;8760;0,367
62;5,0;9,8;18,4;11350;0,180;8,3;18,1;29,1;10800;0,220;5,0;11,7;22,2;11380;0,178;5,0;10,6;19,9;11360;0,180;5,1;9,9;16,6;10830;0,218;5,0;6,4;13,5;11710;0,154;5,0;5,0;13,3;12150;0,123;7,7;14,0;25,3;11130;0,196;5,0;6,5;12,0;11300;0,184;5,0;8,8;15,5;11090;0,199;5,0;7,6;14,4;11410;0,176;5,7;16,2;32,5;11560;0,165;5,0;5,0;7,4;11770;0,150;8,4;19,9;35,9;11210;0,190;9,6;23,3;42,5;11240;0,188;6,8;15,3;27,2;11130;0,196;9,2;15,0;23,7;10240;0,260;6,7;13,3;26,5;11540;0,167;5,0;5,0;8,0;11770;0,150;5,0;7,8;16,3;11680;0,157;9,5;24,1;38,1;10810;0,219;5,0;8,1;15,8;11490;0,170;5,0;5,8;13,6;11920;0,139;20,7;47,6;69,8;10490;0,242;6,7;11,7;16,3;9820;0,291;5,0;7,8;16,9;11770;0,150;13,4;19,5;24,0;8890;0,358;44,6;75,6;89,8;9250;0,332
63;5,0;8,1;13,9;10990;0,206;11,0;17,6;25,4;9880;0,286;5,0;9,3;15,5;10920;0,211;5,0;8,5;14,6;10960;0,209;5,0;8,2;13,1;10600;0,235;5,0;5,6;10,6;11370;0,179;5,0;5,0;10,6;12020;0,132;7,2;12,7;21,1;10810;0,219;5,0;5,0;8,9;11200;0,191;5,0;6,5;11,2;10950;0,209;5,0;5,5;9,8;11200;0,191;7,0;16,0;26,7;10960;0,209;5,0;5,0;6,6;11280;0,185;8,9;18,2;29,9;10830;0,218;10,3;23,2;40,0;11070;0,201;7,9;14,8;23,2;10530;0,240;8,5;14,4;21,8;10090;0,272;6,1;11,3;20,5;11160;0,194;5,0;5,0;5,9;11520;0,168;5,0;6,4;11,3;11140;0,196;7,7;17,5;28,3;10780;0,221;5,0;7,7;12,9;10990;0,206;5,0;5,0;9,4;11550;0,166;19,4;40,7;60,7;10380;0,251;9,3;16,2;21,6;9780;0,294;5,0;6,1;12,8;11650;0,159;15,4;20,9;24,3;7770;0,439;53,1;78,0;88,2;8660;0,374
64;5,0;7,0;12,6;11140;0,195;7,9;14,1;21,7;10530;0,239;5,0;7,8;13,7;11100;0,199;5,0;7,9;13,8;11070;0,201;5,0;7,7;12,8;10710;0,226;5,0;5,0;9,7;11520;0,168;5,0;5,0;10,6;11910;0,140;6,1;11,2;19,9;11070;0,201;5,0;5,0;8,9;11190;0,192;5,0;6,4;11,0;10990;0,207;5,0;5,0;9,1;11270;0,186;5,0;11,1;20,2;11230;0,189;5,0;5,0;6,5;11230;0,189;6,6;14,1;25,0;11110;0,198;8,7;20,0;37,5;11330;0,182;5,8;11,6;19,7;10930;0,211;7,2;12,4;20,2;10640;0,232;5,2;10,2;19,8;11400;0,177;5,0;5,0;5,5;11490;0,170;5,0;5,2;9,7;11250;0,187;7,1;16,1;26,8;10940;0,210;5,0;5,2;9,6;11280;0,185;5,0;5,0;8,6;11590;0,163;13,5;30,0;48,5;10780;0,222;7,7;13,6;20,0;10240;0,260;5,0;5,5;11,9;11780;0,149;12,2;16,4;20,2;8100;0,415;43,8;67,2;80,8;8950;0,353
65;5,0;9,0;16,0;11130;0,196;9,5;17,3;25,7;10300;0,256;5,7;11,8;20,1;10950;0,209;5,1;10,7;18,2;11000;0,206;5,0;9,1;15,0;10750;0,224;5,0;6,3;12,5;11510;0,169;5,0;6,0;13,4;11820;0,146;6,9;13,1;24,1;11200;0,191;5,0;5,9;10,7;11220;0,190;5,0;7,7;13,1;11020;0,204;5,0;7,3;12,7;11120;0,197;7,5;17,2;29,3;11000;0,206;5,0;5,0;9,1;11220;0,190;8,6;18,4;32,2;11060;0,201;10,7;25,0;45,4;11220;0,190;7,8;15,5;26,6;10950;0,209;8,5;14,9;24,6;10810;0,219;5,6;11,8;23,7;11550;0,166;5,0;5,0;7,2;11500;0,169;5,0;7,2;13,0;11160;0,194;8,5;19,2;31,2;10900;0,213;5,0;7,2;12,5;11030;0,204;5,0;5,1;10,7;11710;0,154;15,6;35,3;55,0;10740;0,224;12,9;20,3;26,9;9440;0,319;5,0;6,7;14,3;11720;0,154;19,4;26,3;31,6;8040;0,419;42,4;66,9;82,3;9090;0,343
66;6,1;12,9;21,2;10850;0,216;10,4;21,6;33,4;10680;0,229;6,9;16,4;27,1;10900;0,213;7,0;15,4;24,8;10740;0,224;8,1;14,7;21,8;10180;0,265;5,0;8,5;15,4;11110;0,198;5,0;7,3;14,7;11560;0,165;9,0;16,7;27,2;10710;0,227;5,0;8,6;14,5;10910;0,212;5,4;11,7;18,8;10740;0,225;5,0;10,4;18,1;11040;0,203;9,8;23,6;38,0;10850;0,216;5,0;6,3;10,8;10950;0,209;10,5;23,4;37,9;10810;0,219;13,5;31,9;52,1;10850;0,216;9,4;20,2;32,6;10780;0,221;11,0;19,1;28,2;9880;0,286;7,6;14,9;26,4;11050;0,202;5,0;5,4;9,8;11180;0,192;5,6;11,5;19,3;10880;0,214;10,3;25,4;39,6;10750;0,223;5,0;9,3;16,0;10970;0,208;5,0;7,6;15,1;11520;0,168;19,9;41,8;62,6;10430;0,247;14,0;20,4;26,0;8870;0,360;5,0;8,7;16,9;11440;0,174;17,4;23,6;28,1;8110;0,415;39,0;71,9;85,9;9410;0,321
67;5,0;7,9;13,5;10960;0,209;8,8;14,9;22,0;10140;0,268;5,0;9,7;16,3;10950;0,209;5,0;9,5;16,5;11000;0,206;5,0;7,4;12,2;10790;0,221;5,0;5,1;9,2;11170;0,194;5,0;5,0;8,5;11760;0,151;7,1;11,5;18,5;10450;0,245;5,0;5,0;7,8;10910;0,212;5,0;6,3;10,5;10830;0,218;5,0;6,0;10,5;11010;0,205;6,6;15,8;28,3;11230;0,189;5,0;5,0;5,0;11190;0,192;7,9;16,4;27,4;10900;0,213;10,7;24,6;42,5;11060;0,201;6,3;11,6;18,6;10640;0,232;8,1;12,6;18,7;9700;0,299;6,2;10,6;18,4;10960;0,209;5,0;5,0;5,1;11080;0,200;5,0;6,9;12,6;11240;0,189;7,7;18,2;28,9;10770;0,222;5,0;7,5;12,8;11060;0,202;5,0;5,0;10,0;11610;0,162;18,1;39,5;58,3;10390;0,249;6,9;11,5;15,8;9660;0,302;5,0;5,7;11,1;11440;0,174;15,3;20,1;23,4;7140;0,485;53,9;80,9;90,9;8720;0,370
68;5,0;8,0;13,7;10980;0,207;7,6;13,7;21,0;10450;0,245;5,0;10,3;17,4;10910;0,212;5,0;9,6;16,7;11040;0,202;5,0;7,5;12,3;10760;0,223;5,0;5,3;9,5;11190;0,192;5,0;5,0;8,2;11800;0,148;6,0;10,6;17,8;10830;0,218;5,0;5,0;7,8;10950;0,209;5,0;6,4;11,0;10960;0,208;5,0;6,3;10,8;10950;0,209;6,9;16,0;28,3;11120;0,197;5,0;5,0;5,1;11250;0,188;8,2;17,3;29,0;10910;0,212;10,5;24,7;42,8;11060;0,201;6,8;12,8;20,6;10690;0,228;7,2;11,9;18,1;10090;0,271;5,1;9,5;17,5;11240;0,189;5,0;5,0;5,0;11110;0,197;5,0;7,4;13,2;11160;0,194;7,9;18,4;29,6;10810;0,220;5,0;7,0;11,9;10910;0,212;5,0;5,0;9,9;11630;0,160;18,5;39,2;57,5;10390;0,250;8,2;14,1;19,3;9700;0,300;5,0;5,4;10,8;11540;0,167;11,9;16,2;20,2;8310;0,400;52,0;78,0;88,7;8750;0,368
69;5,0;8,7;14,8;10950;0,209;9,5;15,3;22,0;9900;0,285;5,0;9,6;15,9;10880;0,214;5,0;9,8;16,9;11020;0,204;5,0;8,7;14,5;10880;0,214;5,0;5,7;10,6;11320;0,182;5,0;5,0;9,3;11770;0,150;6,7;10,8;17,7;10600;0,234;5,0;5,0;8,6;10980;0,207;5,0;7,1;11,8;10880;0,214;5,0;6,5;11,0;11000;0,206;6,9;16,0;27,9;11100;0,198;5,0;5,0;5,0;11190;0,192;8,0;16,4;27,5;10910;0,212;10,2;22,8;39,6;11070;0,200;6,1;10,8;16,9;10470;0,244;7,9;12,2;18,5;9900;0,285;5,7;9,6;17,0;11030;0,204;5,0;5,0;5,7;11180;0,193;5,0;7,8;13,8;11130;0,196;7,3;17,6;28,3;10850;0,217;5,2;9,8;16,4;10830;0,218;5,0;5,3;10,7;11560;0,165;17,1;37,3;55,3;10420;0,247;8,7;14,1;19,6;9700;0,300;5,0;6,8;13,1;11440;0,174;11,9;15,6;18,9;8060;0,418;52,9;77,7;88,3;8680;0,373
70;5,0;7,2;13,6;11340;0,181;6,5;12,5;19,7;10670;0,229;5,0;9,0;16,6;11300;0,184;5,0;8,2;15,2;11270;0,186;5,0;7,2;12,4;11000;0,205;5,0;5,1;10,6;11630;0,160;5,0;5,0;11,3;11960;0,136;5,7;11,1;20,9;11320;0,182;5,0;5,0;8,8;11350;0,180;5,0;6,4;11,4;11100;0,199;5,0;5,3;10,1;11320;0,183;5,0;12,7;24,4;11460;0,173;5,0;5,0;7,6;11490;0,170;6,9;16,4;29,9;11250;0,188;8,9;21,6;40,0;11270;0,186;6,0;13,9;25,1;11220;0,190;6,7;11,7;20,2;10960;0,209;5,0;10,6;21,5;11590;0,163;5,0;5,0;5,8;11840;0,145;5,0;5,8;11,5;11530;0,167;7,4;18,0;29,5;10940;0,210;5,0;5,8;10,8;11350;0,180;5,0;5,0;9,7;11870;0,143;17,0;39,8;58,6;10520;0,241;7,9;13,3;18,0;9690;0,300;5,0;5,9;12,9;11760;0,151;16,8;22,5;26,7;7910;0,429;45,4;69,3;83,8;8860;0,361
71;5,0;7,0;13,3;11350;0,180;5,9;12,0;19,7;10880;0,214;5,0;9,0;16,0;11120;0,197;5,0;8,6;15,6;11150;0,195;5,0;7,1;12,4;10960;0,208;5,0;5,0;10,2;11750;0,152;5,0;5,0;10,8;12130;0,124;5,1;9,7;19,2;11480;0,171;5,0;5,0;8,2;11490;0,170;5,0;6,5;11,5;11120;0,197;5,0;5,6;10,4;11240;0,188;5,6;13,5;25,1;11320;0,183;5,0;5,0;7,0;11510;0,169;6,8;15,2;27,9;11260;0,187;8,4;19,9;37,4;11340;0,181;5,7;11,4;20,5;11120;0,197;6,4;11,0;18,7;10910;0,212;5,0;8,8;19,6;11850;0,144;5,0;5,0;5,8;11840;0,145;5,0;6,2;12,1;11420;0,175;7,2;17,7;29,2;10940;0,210;5,0;5,9;10,8;11250;0,188;5,0;5,0;10,0;11760;0,150;16,9;36,6;56,2;10610;0,234;8,1;12,8;17,9;9660;0,303;5,0;5,0;11,8;11970;0,135;12,5;16,9;21,4;8340;0,398;45,8;70,1;82,6;8920;0,356
72;5,0;7,6;13,5;11130;0,196;7,6;14,6;22,3;10510;0,241;5,0;9,5;16,7;11110;0,197;5,0;8,7;15,4;11070;0,201;5,0;7,5;12,4;10790;0,221;5,0;5,0;9,4;11560;0,165;5,0;5,0;8,5;12160;0,122;6,2;10,9;19,4;11060;0,202;5,0;5,0;7,8;11240;0,188;5,0;7,1;12,2;10980;0,207;5,0;5,4;9,7;11200;0,191;6,2;14,5;26,0;11160;0,194;5,0;5,0;5,4;11580;0,164;8,8;18,8;32,1;10960;0,208;12,4;27,0;45,4;10890;0,213;6,0;12,4;21,7;11070;0,200;7,7;12,6;20,2;10390;0,249;5,0;9,5;18,8;11500;0,169;5,0;5,0;5,0;11640;0,160;5,0;5,5;10,5;11380;0,178;8,5;20,9;34,0;10880;0,214;5,4;10,1;16,7;10780;0,221;5,0;5,0;10,3;11630;0,160;18,8;40,4;61,3;10550;0,238;6,1;10,4;14,6;9860;0,288;5,0;5,0;10,5;11830;0,145;15,1;19,7;24,0;7600;0,451;47,5;77,3;89,6;9040;0,347
73;5,0;6,3;11,2;11100;0,199;6,2;10,3;16,6;10560;0,238;5,0;7,4;12,8;10980;0,207;5,0;7,4;13,0;11090;0,199;5,0;6,5;10,8;10870;0,215;5,0;5,0;8,3;11300;0,184;5,0;5,0;8,2;11850;0,144;5,4;9,3;16,3;11010;0,205;5,0;5,0;7,1;11190;0,192;5,0;5,5;9,2;10900;0,213;5,0;5,0;8,5;11070;0,200;5,0;11,1;20,5;11280;0,186;5,0;5,0;5,5;10840;0,217;5,7;12,0;21,8;11210;0,190;6,7;16,3;31,0;11360;0,179;5,0;8,5;14,4;10810;0,219;6,5;10,1;15,8;10240;0,260;5,0;8,6;16,7;11440;0,173;5,0;5,0;5,0;11300;0,184;5,0;5,4;9,8;11180;0,192;6,3;14,1;23,8;10970;0,208;5,0;5,1;8,7;10930;0,211;5,0;5,0;8,0;11590;0,163;13,4;30,0;48,3;10790;0,221;9,5;15,0;20,8;9570;0,309;5,0;5,0;10,0;11630;0,160;13,2;18,3;22,2;8400;0,393;54,0;74,5;85,7;8450;0,390
74;5,0;5,8;9,5;10710;0,227;5,1;8,6;12,9;10250;0,260;5,0;5,9;9,5;10550;0,238;5,0;6,2;10,1;10690;0,228;5,0;5,9;9,1;10410;0,249;5,0;5,0;8,6;10960;0,208;5,0;5,0;8,4;11570;0,165;5,7;9,2;14,9;10610;0,234;5,0;5,0;6,9;10680;0,229;5,0;5,2;8,4;10650;0,231;5,0;5,0;6,5;10620;0,233;5,0;8,8;14,9;10910;0,212;5,0;5,0;5,0;10310;0,256;6,1;11,1;18,8;10870;0,215;7,4;15,9;29,2;11260;0,187;5,3;8,3;12,6;10130;0,268;6,5;9,8;14,6;9810;0,292;5,1;8,6;15,1;11020;0,204;5,0;5,0;5,0;10840;0,217;5,0;5,0;7,6;10810;0,219;6,8;12,4;19,7;10610;0,234;5,0;5,1;8,1;10620;0,233;5,0;5,0;6,0;11360;0,180;13,3;25,9;39,4;10530;0,240;9,4;14,5;19,9;9460;0,317;5,0;5,5;10,3;11330;0,182;17,3;20,3;23,0;5420;0,609;67,4;81,7;91,8;6110;0,559
75;6,4;10,6;15,6;10050;0,275;10,3;14,1;18,3;8550;0,382;5,0;8,2;11,9;9930;0,283;6,2;10,8;16,2;10260;0,259;7,2;12,2;17,7;9940;0,282;6,7;11,1;16,6;10140;0,268;5,0;7,2;12,3;11020;0,204;8,4;12,7;17,3;9370;0,323;5,0;7,1;10,5;10130;0,269;5,0;8,2;12,4;10200;0,264;5,0;7,5;11,5;10360;0,252;10,3;18,6;28,7;10460;0,244;5,0;5,0;5,6;9110;0,342;8,4;14,2;21,2;10150;0,267;8,7;17,0;27,8;10760;0,223;8,2;12,2;16,5;9270;0,330;9,6;14,3;18,9;9100;0,343;7,6;11,5;16,3;9570;0,309;5,0;5,2;7,7;10150;0,267;5,0;7,9;12,1;10340;0,253;9,3;16,5;24,6;10290;0,257;9,6;17,0;25,9;10400;0,249;5,0;6,6;11,0;10810;0,220;15,7;29,3;40,9;9970;0,280;8,1;12,2;16,2;9210;0,335;5,7;10,5;17,2;10790;0,221;14,2;17,7;20,3;6370;0,540;64,9;83,7;89,3;6060;0,562
76;5,0;8,6;15,4;11130;0,197;8,9;16,9;25,4;10450;0,246;5,0;10,7;18,6;11060;0,201;5,0;9,7;17,3;11110;0,198;5,0;8,6;14,4;10830;0,218;5,0;5,2;10,8;11640;0,159;5,0;5,0;9,3;12130;0,124;6,7;11,7;21,1;11070;0,201;5,0;5,2;9,4;11190;0,192;5,0;8,0;13,6;10930;0,210;5,0;6,6;11,7;11200;0,191;6,3;15,6;28,3;11200;0,191;5,0;5,0;5,0;11580;0,164;8,0;17,7;30,7;11030;0,204;9,1;21,5;38,0;11110;0,198;6,5;12,6;20,9;10820;0,218;8,4;13,9;22,0;10250;0,260;5,4;10,2;20,5;11570;0,164;5,0;5,0;5,4;11680;0,157;5,0;6,6;12,7;11380;0,178;8,4;22,0;34,7;10800;0,220;5,0;8,1;14,6;11110;0,197;5,0;5,3;11,2;11680;0,156;18,0;40,5;61,6;10580;0,236;6,8;11,2;15,4;9650;0,303;5,0;5,8;12,7;11780;0,149;11,4;16,8;21,5;9060;0,346;42,8;72,5;87,2;9270;0,331
77;5,0;7,3;12,4;10920;0,212;6,7;11,9;18,2;10430;0,247;5,0;8,5;14,3;10880;0,214;5,0;8,2;14,1;10950;0,209;5,0;6,8;11,3;10840;0,217;5,0;5,2;9,2;11040;0,203;5,0;5,0;7,8;11510;0,168;5,8;9,3;14,4;10250;0,260;5,0;5,0;7,8;10860;0,215;5,0;6,0;10,0;10910;0,212;5,0;5,2;9,2;11070;0,201;5,8;12,7;21,9;11040;0,203;5,0;5,0;5,0;11110;0,198;7,9;16,1;26,7;10840;0,217;8,7;19,5;33,5;11000;0,206;7,1;12,4;19,5;10500;0,242;7,0;10,6;15,1;9530;0,312;5,0;8,2;13,9;10890;0,213;5,0;5,0;5,0;10960;0,209;5,0;6,0;10,6;11110;0,198;6,8;15,1;24,7;10860;0,215;5,0;8,7;14,7;10910;0,212;5,0;5,0;9,4;11500;0,170;17,6;36,6;54,7;10410;0,249;9,0;14,0;18,3;9270;0,330;5,0;5,4;10,2;11340;0,181;11,8;15,6;18,8;7920;0,428;56,1;80,4;89,1;8190;0,408
78;5,0;6,2;10,5;10910;0,212;6,9;11,0;16,5;10080;0,272;5,0;7,2;12,3;10970;0,208;5,0;6,9;11,9;10980;0,207;5,0;5,9;9,8;10840;0,217;5,0;5,0;7,7;10910;0,212;5,0;5,0;6,1;11300;0,184;5,4;8,6;12,8;9930;0,283;5,0;5,0;6,3;10850;0,216;5,0;5,0;8,3;10970;0,208;5,0;5,0;7,3;11090;0,199;5,0;10,8;18,8;11080;0,200;5,0;5,0;5,0;10870;0,215;6,5;13,0;22,1;10920;0,211;7,1;15,8;28,2;11140;0,195;5,7;9,6;14,6;10210;0,263;6,8;10,2;14,2;9410;0,320;5,0;7,3;11,6;10530;0,240;5,0;5,0;5,0;10990;0,206;5,0;5,0;8,9;11170;0,194;5,9;12,4;20,6;10900;0,213;5,0;9,1;15,0;10830;0,218;5,0;5,0;8,0;11500;0,170;16,3;34,1;50,7;10380;0,250;7,4;11,5;15,7;9500;0,314;5,0;5,0;8,4;11180;0,193;10,2;13,3;15,7;6980;0,496;60,1;82,4;90,2;7570;0,453
79;5,0;6,7;12,4;11310;0,184;6,0;11,6;18,7;10700;0,228;5,0;8,3;14,6;11120;0,197;5,0;6,9;12,5;11170;0,194;5,0;6,9;11,4;10790;0,221;5,0;5,0;9,8;11680;0,157;5,0;5,0;12,8;12190;0,120;5,4;10,6;20,4;11360;0,180;5,0;5,0;8,6;11520;0,168;5,0;5,8;10,3;11160;0,194;5,0;5,0;8,6;11260;0,187;5,4;12,6;22,2;11150;0,195;5,0;5,0;6,8;11540;0,166;7,2;16,1;28,7;11160;0,194;10,4;24,9;43,2;11120;0,197;5,8;12,5;22,6;11200;0,191;6,6;11,8;20,5;10980;0,207;5,0;9,7;20,2;11660;0,158;5,0;5,0;6,3;11870;0,143;5,0;5,0;9,5;11380;0,178;6,9;17,2;28,7;11000;0,206;5,0;7,8;12,9;10880;0,215;5,0;5,0;8,7;11620;0,161;17,6;38,4;57,7;10550;0,238;6,5;10,4;14,8;9880;0,286;5,0;5,3;12,6;11960;0,137;15,7;20,8;25,4;8010;0,421;40,9;67,7;83,6;9240;0,332
80;5,0;9,2;16,4;11160;0,194;10,7;19,2;28,5;10320;0,255;5,0;11,2;19,9;11180;0,192;5,0;10,4;18,0;11100;0,199;5,0;9,2;15,4;10890;0,214;5,0;5,6;11,5;11610;0,162;5,0;5,0;10,4;12040;0,130;7,7;13,5;23,1;10930;0,211;5,0;5,7;10,3;11240;0,189;5,0;7,9;13,7;11050;0,202;5,0;7,0;12,9;11310;0,183;6,6;17,1;30,6;11260;0,187;5,0;5,0;7,1;11620;0,161;9,1;19,9;33,5;10980;0,207;11,9;26,6;44,5;10950;0,209;7,1;15,1;25,8;11020;0,204;9,2;15,2;23,6;10280;0,258;6,5;12,1;22,6;11260;0,187;5,0;5,0;6,6;11620;0,161;5,0;7,4;14,3;11450;0,173;9,3;21,9;34,2;10760;0,223;5,0;8,1;14,4;11150;0,195;5,0;5,9;12,4;11690;0,156;20,7;44,5;64,7;10400;0,249;7,0;11,1;14,9;9530;0,312;5,0;6,5;13,9;11720;0,153;10,7;15,0;18,4;8710;0,371;47,8;75,5;88,1;8970;0,352
81;5,0;8,8;15,7;11130;0,196;9,1;16,7;25,3;10500;0,242;5,0;10,8;18,7;11070;0,201;5,0;10,0;17,2;10940;0,210;5,0;9,2;14,9;10670;0,230;5,0;6,4;12,4;11410;0,176;5,0;5,4;13,4;12030;0,131;7,2;13,6;24,5;11120;0,197;5,0;5,8;10,6;11240;0,188;5,0;7,8;13,1;10890;0,214;5,0;6,1;11,3;11280;0,185;6,9;16,3;28,6;11080;0,200;5,0;5,0;8,7;11300;0,184;8,8;19,1;33,0;11020;0,204;14,0;31,2;52,3;10930;0,211;7,1;15,3;26,8;11090;0,199;8,6;14,9;24,3;10650;0,231;6,1;12,7;24,7;11450;0,173;5,0;5,0;7,3;11620;0,161;5,0;7,1;12,9;11180;0,193;8,7;20,4;32,8;10830;0,218;5,0;7,0;12,8;11250;0,188;5,0;5,2;10,8;11640;0,159;16,5;35,6;56,0;10580;0,236;9,5;16,1;22,0;9750;0,296;5,0;6,8;14,7;11710;0,154;15,3;20,8;25,3;8130;0,413;44,4;72,7;86,5;9120;0,341
82;5,0;9,5;16,7;11110;0,197;6,9;14,1;23,0;10830;0,218;5,1;11,2;18,9;10950;0,210;5,0;10,2;18,2;11200;0,191;5,2;10,0;15,9;10650;0,231;5,0;7,2;13,2;11250;0,188;5,0;6,7;15,3;11860;0,144;6,9;13,2;23,7;11110;0,198;5,0;6,2;11,5;11270;0,186;5,0;7,6;13,0;11010;0,205;5,0;7,3;12,7;11150;0,194;7,5;17,5;30,0;11000;0,205;5,0;5,1;9,5;11280;0,185;8,6;19,2;32,8;11000;0,205;12,2;29,4;50,5;11010;0,205;7,5;15,9;27,1;11000;0,205;8,1;14,1;23,3;10820;0,219;5,9;12,4;24,0;11440;0,174;5,0;5,0;8,8;11540;0,166;5,0;8,4;15,0;11200;0,191;8,0;19,4;31,3;10890;0,214;5,0;8,2;13,8;10860;0,216;5,0;5,8;11,8;11620;0,161;19,1;39,8;60,2;10510;0,241;12,2;18,7;24,3;9230;0,333;5,0;7,9;16,3;11600;0,162;14,8;20,1;25,3;8130;0,413;46,0;71,6;82,6;8900;0,357
83;5,0;9,2;15,6;10920;0,211;7,9;14,3;22,5;10620;0,233;5,1;10,9;18,7;10990;0,207;5,4;11,1;18,2;10740;0,224;5,6;10,1;15,6;10380;0,251;5,0;7,3;12,9;11090;0,199;5,0;5,4;11,2;11620;0,161;7,3;12,9;21,4;10840;0,217;5,0;6,3;11,0;11000;0,206;5,0;8,2;13,5;10810;0,219;5,0;7,4;12,7;11020;0,204;7,2;16,1;27,2;10950;0,209;5,0;5,0;7,7;10940;0,210;8,1;16,8;28,3;10910;0,212;9,6;22,1;39,4;11140;0,195;7,6;14,9;24,3;10780;0,222;8,6;14,3;21,3;9990;0,279;6,3;11,9;21,5;11150;0,195;5,0;5,0;7,7;11240;0,188;5,0;8,2;13,9;10960;0,208;8,7;18,6;30,1;10790;0,220;5,0;6,9;12,2;11060;0,201;5,0;5,3;10,6;11570;0,164;16,8;36,1;55,0;10540;0,239;10,6;17,4;23,5;9630;0,305;5,0;7,3;14,2;11440;0,174;12,6;17,3;21,2;8220;0,406;50,3;75,3;86,2;8680;0,373
84;5,7;11,8;19,9;10940;0,210;9,0;16,9;26,6;10620;0,233;5,8;13,3;22,8;11060;0,201;6,5;14,0;23,5;10920;0,211;6,3;12,2;18,9;10540;0,239;5,1;9,9;16,8;10940;0,210;5,0;6,8;14,1;11660;0,158;8,0;14,5;24,3;10880;0,214;5,0;7,9;13,5;10980;0,207;5,0;10,0;16,3;10770;0,222;5,0;9,2;15,6;11020;0,204;9,1;21,6;36,3;11000;0,205;5,0;5,1;8,9;11040;0,202;10,0;21,2;35,3;10900;0,213;13,4;30,8;51,8;10980;0,207;8,3;16,3;26,8;10810;0,219;9,7;16,3;24,7;10140;0,267;6,6;13,1;24,0;11210;0,190;5,0;5,8;10,3;11140;0,195;5,5;11,7;19,8;10980;0,207;9,1;21,0;34,0;10830;0,218;5,0;9,4;15,9;10930;0,211;5,0;7,2;14,4;11550;0,166;20,4;44,0;63,6;10320;0,255;12,3;20,2;26,8;9570;0,309;5,0;9,8;18,3;11320;0,183;12,6;17,5;21,7;8600;0,379;50,4;76,3;88,0;8830;0,362
85;5,0;5,0;9,1;11580;0,164;5,0;6,8;12,3;11180;0,193;5,0;5,0;9,6;11510;0,169;5,0;5,0;9,5;11500;0,170;5,0;5,2;9,3;11110;0,198;5,0;5,0;7,2;11800;0,148;5,0;5,0;9,4;12180;0,120;5,0;8,8;17,0;11440;0,174;5,0;5,0;6,1;11680;0,156;5,0;5,0;8,7;11420;0,175;5,0;5,0;6,2;11630;0,160;5,0;6,0;13,0;11770;0,150;5,0;5,0;5,4;11710;0,154;5,0;11,0;21,5;11470;0,172;6,8;17,5;35,7;11570;0,164;5,0;8,6;16,4;11380;0,178;5,0;9,1;16,1;11060;0,201;5,0;8,5;17,7;11650;0,159;5,0;5,0;5,0;12040;0,131;5,0;5,0;6,6;11790;0,148;5,7;13,9;25,0;11210;0,191;5,0;5,0;7,8;11710;0,155;5,0;5,0;6,6;11940;0,137;13,7;30,5;48,4;10760;0,223;5,0;8,3;12,6;10400;0,249;5,0;5,0;9,1;11960;0,136;9,7;13,1;16,4;8170;0,410;45,3;67,1;81,8;8830;0,363
86;5,0;8,5;14,7;10990;0,206;11,5;19,7;28,4;10060;0,273;5,0;10,0;17,1;11010;0,205;5,0;9,1;15,4;10960;0,208;5,0;8,5;13,3;10460;0,245;5,0;5,2;10,1;11430;0,174;5,0;5,0;11,9;12060;0,129;8,1;13,9;23,1;10780;0,221;5,0;5,1;9,2;11140;0,195;5,0;7,2;12,4;11020;0,205;5,0;6,0;10,6;11080;0,200;6,9;15,9;26,9;10990;0,206;5,0;5,0;6,8;11410;0,176;9,8;20,2;33,0;10800;0,220;13,7;29,5;48,1;10800;0,220;7,6;14,9;24,4;10800;0,220;9,5;15,6;24,1;10110;0,270;7,1;12,5;22,3;11070;0,200;5,0;5,0;6,3;11440;0,174;5,0;6,2;11,2;11210;0,191;8,1;20,3;32,4;10850;0,216;5,0;8,6;14,6;10790;0,221;5,0;5,1;10,2;11560;0,165;18,7;41,0;62,0;10500;0,242;8,6;14,1;18,8;9510;0,313;5,0;5,9;12,6;11730;0,153;20,0;28,1;32,9;8180;0,410;49,5;78,9;91,5;8980;0,351
87;5,0;9,4;16,1;10980;0,207;12,0;20,1;29,5;10090;0,271;5,4;12,0;19,7;10800;0,220;5,1;10,8;17,8;10820;0,218;5,4;9,5;15,3;10630;0,232;5,0;5,7;11,3;11490;0,170;5,0;5,0;12,0;12000;0,133;7,0;12,4;22,0;11060;0,202;5,0;5,5;9,8;11090;0,199;5,0;7,5;12,8;10920;0,212;5,0;7,2;12,4;11020;0,204;9,8;22,5;36,5;10830;0,218;5,0;5,0;7,7;11220;0,190;10,2;21,1;35,3;10850;0,216;13,0;28,3;48,0;10920;0,211;8,2;15,6;25,7;10760;0,223;8,8;14,6;23,5;10560;0,237;5,6;10,7;20,9;11460;0,172;5,0;5,0;7,1;11340;0,181;5,0;8,1;14,0;11010;0,205;8,5;20,1;32,4;10780;0,221;6,1;11,3;18,1;10580;0,236;5,0;5,9;11,5;11450;0,173;18,3;41,2;62,0;10520;0,240;12,8;19,5;25,5;9210;0,335;5,0;6,1;13,4;11800;0,148;19,5;25,4;30,3;7650;0,447;45,3;70,9;85,0;9020;0,349
88;5,0;8,6;15,3;11140;0,195;8,1;15,5;24,1;10580;0,236;5,0;11,3;19,2;11010;0,205;5,0;10,2;17,8;11030;0,203;5,0;9,2;14,8;10600;0,235;5,0;5,5;11,4;11680;0,156;5,0;5,0;10,2;12040;0,131;6,6;12,4;22,1;11050;0,202;5,0;5,5;9,7;11120;0,197;5,0;7,6;13,1;11030;0,203;5,0;6,7;12,4;11250;0,188;6,7;15,7;28,1;11230;0,189;5,0;5,0;7,3;11530;0,167;9,1;19,6;33,2;10940;0,210;13,4;27,6;46,2;10870;0,215;6,8;15,2;26,1;11010;0,205;8,2;14,0;22,2;10350;0,252;5,3;11,1;22,1;11510;0,169;5,0;5,0;6,0;11670;0,158;5,0;6,9;13,1;11390;0,178;8,8;21,1;33,1;10720;0,226;5,0;7,2;13,0;11250;0,188;5,0;5,0;10,7;11790;0,148;22,3;45,8;65,4;10150;0,267;9,6;15,6;20,9;9590;0,308;5,0;5,7;12,7;11840;0,145;14,9;19,8;23,8;8170;0,410;47,2;77,2;88,7;9010;0,350
89;5,0;8,3;14,9;11130;0,196;6,3;12,6;20,5;10730;0,225;5,0;10,7;18,7;11040;0,203;5,0;10,1;17,7;11090;0,199;5,0;9,4;15,4;10700;0,227;5,0;5,7;10,8;11370;0,179;5,0;5,0;9,2;12100;0,126;5,9;10,7;19,0;11050;0,202;5,0;5,0;8,8;11210;0,191;5,0;7,4;13,0;11050;0,202;5,0;6,7;12,6;11330;0,182;6,8;16,4;28,6;11070;0,201;5,0;5,0;7,7;11300;0,184;8,4;18,3;32,1;11040;0,203;10,9;24,7;43,2;11040;0,202;6,6;13,9;24,4;11010;0,205;7,4;12,4;19,8;10500;0,242;5,0;9,4;18,4;11470;0,172;5,0;5,0;5,7;11470;0,172;5,0;7,7;14,2;11260;0,187;7,5;18,0;29,9;10900;0,213;5,0;8,2;14,3;10850;0,216;5,0;5,5;11,5;11690;0,156;18,7;40,7;61,3;10510;0,241;8,7;13,0;17,4;9230;0,334;5,0;5,7;12,1;11720;0,153;16,1;22,3;26,1;8230;0,406;48,8;75,4;86,8;8830;0,362
90;5,0;9,3;16,3;11050;0,202;10,2;17,1;25,6;10290;0,257;5,1;11,5;19,7;10950;0,209;5,0;11,2;19,3;11060;0,201;5,0;9,3;15,2;10620;0,233;5,0;5,5;11,3;11590;0,163;5,0;5,0;10,1;12120;0,125;6,9;11,8;20,5;10900;0,213;5,0;5,4;9,8;11170;0,193;5,0;7,9;13,8;11050;0,202;5,0;7,3;12,3;11030;0,204;7,5;18,1;31,8;11100;0,198;5,0;5,0;5,9;11520;0,168;9,5;20,1;34,0;10920;0,211;12,2;26,5;45,3;10970;0,208;6,6;13,0;21,6;10800;0,220;8,6;13,4;20,7;9750;0,296;5,5;10,3;20,4;11470;0,171;5,0;5,0;6,2;11700;0,155;5,0;8,2;15,1;11210;0,191;9,0;21,1;32,7;10660;0,230;5,0;9,2;15,9;10940;0,210;5,0;5,3;11,3;11740;0,152;19,2;41,7;61,9;10340;0,254;10,0;18,0;24,5;10030;0,276;5,0;6,1;13,4;11800;0,148;17,9;23,5;28,1;8240;0,405;55,4;81,2;91,0;8770;0,366
91;5,0;8,3;13,9;10830;0,218;7,6;12,9;19,6;10270;0,258;5,0;10,0;16,5;10800;0,220;5,0;9,7;16,5;10930;0,210;5,0;7,7;12,8;10790;0,221;5,0;5,8;9,5;10770;0,222;5,0;5,0;6,8;11480;0,171;5,7;9,1;13,8;10030;0,276;5,0;5,0;7,7;10810;0,220;5,0;6,5;10,8;10850;0,217;5,0;6,1;10,3;10910;0,212;7,4;15,4;26,3;10960;0,208;5,0;5,0;5,0;11000;0,206;8,7;17,0;28,0;10790;0,221;8,4;18,3;31,8;11050;0,202;9,0;15,1;22,5;10180;0,265;7,2;11,1;15,5;9530;0,312;5,0;7,4;12,3;10760;0,223;5,0;5,0;5,0;10810;0,219;5,0;7,1;12,5;11030;0,204;7,2;15,1;24,8;10870;0,215;6,3;12,2;19,8;10720;0,226;5,0;6,0;11,3;11360;0,179;19,1;38,5;57,0;10370;0,251;10,6;16,3;21,5;9270;0,331;5,0;5,3;9,4;11170;0,193;12,9;17,1;20,0;7710;0,443;58,8;81,5;90,5;7950;0,426
92;5,0;7,8;12,4;10530;0,240;8,3;12,0;16,5;9190;0,337;5,0;7,2;11,2;10440;0,246;5,0;8,2;13,2;10660;0,230;5,0;8,0;12,5;10510;0,241;5,0;7,4;11,9;10620;0,233;5,0;5,7;10,1;11100;0,198;6,6;10,1;14,4;9660;0,302;5,0;5,7;8,9;10400;0,249;5,0;6,5;10,3;10540;0,239;5,0;5,6;9,2;10730;0,225;6,1;12,5;21,0;10880;0,214;5,0;5,0;5,0;10030;0,276;6,9;12,7;20,2;10580;0,236;6,8;14,2;24,4;10980;0,207;7,1;11,0;15,6;9720;0,298;7,8;11,8;15,9;9320;0,327;5,6;8,8;13,3;10010;0,277;5,0;5,0;6,3;10420;0,248;5,0;6,1;10,2;10810;0,219;6,9;13,5;21,2;10590;0,235;6,0;11,2;18,1;10690;0,228;5,0;5,0;8,7;11260;0,187;16,7;32,9;47,2;10180;0,265;8,0;12,1;15,7;9150;0,339;5,0;7,9;13,4;10970;0,208;12,8;16,2;18,7;6960;0,498;64,3;84,3;90,7;6610;0,523
93;10,0;18,3;28,4;10460;0,245;13,1;21,0;30,0;9900;0,285;9,9;18,7;28,6;10480;0,243;10,6;20,6;32,6;10590;0,235;10,7;19,4;29,4;10340;0,253;9,1;15,6;23,8;10270;0,258;5,6;10,7;19,2;11170;0,193;10,1;16,2;23,1;9630;0,304;7,2;12,7;19,4;10360;0,252;8,3;14,7;22,7;10420;0,247;8,6;16,0;25,1;10590;0,235;13,5;26,2;41,4;10610;0,234;5,0;7,5;12,3;10760;0,223;13,8;25,4;38,8;10400;0,249;12,2;24,3;38,9;10670;0,230;16,5;27,3;38,6;9910;0,284;13,0;19,9;26,4;9300;0,328;7,5;12,9;20,1;10260;0,259;6,1;10,6;16,4;10400;0,249;9,7;17,9;28,6;10620;0,233;12,0;24,2;36,4;10480;0,243;11,4;21,1;32,6;10510;0,241;6,2;12,9;22,7;11100;0,198;25,2;47,5;65,6;9950;0,282;15,8;24,9;32,0;9300;0,328;7,8;15,2;25,1;10860;0,216;22,7;31,0;37,3;8410;0,392;60,6;85,3;93,0;8060;0,418
94;5,9;10,8;17,2;10570;0,237;10,8;16,2;22,5;9470;0,316;6,0;11,3;17,9;10590;0,235;6,0;11,8;19,4;10750;0,223;6,2;11,2;17,5;10450;0,245;5,1;8,9;14,2;10500;0,242;5,0;5,8;10,6;11230;0,189;7,4;11,7;16,7;9700;0,300;5,0;7,0;10,9;10480;0,243;5,0;8,6;13,7;10600;0,235;5,0;8,3;13,7;10770;0,223;9,2;18,3;30,1;10790;0,221;5,0;5,0;5,5;10650;0,231;9,3;17,3;27,4;10560;0,238;8,5;17,7;29,9;10910;0,212;10,4;16,7;23,8;9850;0,288;9,3;14,2;19,1;9340;0,325;5,9;9,7;14,9;10140;0,268;5,0;5,1;8,0;10460;0,244;5,0;9,5;15,9;10810;0,219;8,3;16,7;26,1;10620;0,233;7,6;14,5;22,9;10640;0,232;5,0;7,2;13,3;11260;0,187;19,6;39,2;56,2;10180;0,265;10,0;15,5;20,8;9460;0,317;5,0;8,5;14,6;11010;0,205;15,0;20,5;23,9;8200;0,408;61,5;84,9;91,8;7870;0,432
95;5,8;11,0;17,7;10680;0,229;9,1;14,8;21,9;10070;0,273;6,3;12,1;19,3;10680;0,229;6,4;12,5;20,6;10800;0,220;6,0;10,9;17,3;10540;0,239;5,0;8,4;13,6;10640;0,231;5,0;5,6;10,5;11310;0,183;6,8;10,7;15,9;9900;0,285;5,0;6,4;10,5;10680;0,229;5,0;8,3;13,5;10700;0,228;5,0;8,1;13,4;10770;0,222;9,2;18,4;29,9;10750;0,223;5,0;5,0;7,1;10850;0,216;10,6;19,9;31,8;10630;0,232;9,8;20,2;34,1;10920;0,212;11,8;19,5;28,2;9940;0,282;8,9;13,1;17,9;9300;0,328;5,2;8,7;14,3;10630;0,232;5,0;5,0;7,3;10710;0,227;5,0;9,5;16,2;10910;0,212;8,7;17,1;27,1;10660;0,230;8,6;15,9;24,5;10510;0,241;5,0;7,9;14,4;11240;0,188;22,2;42,8;61,0;10160;0,266;11,0;17,0;22,0;9250;0,332;5,0;7,9;13,7;11040;0,203;16,2;21,2;25,5;7850;0,433;63,5;85,1;92,6;7610;0,450
972;9,5;18,2;26,8;10520;0,241;13,1;30,1;46,3;10900;0,213;8,4;21,8;34,1;10800;0,220;9,7;18,6;27,1;10300;0,256;11,2;18,2;25,4;9720;0,298;8,9;15,4;22,4;10230;0,262;8,1;18,9;29,3;10930;0,211;18,7;30,3;38,7;9300;0,328;8,1;15,6;23,5;10590;0,235;7,2;15,1;23,9;10740;0,224;5,7;13,1;21,4;10890;0,214;6,8;16,5;27,1;10950;0,209;7,1;13,0;19,1;10580;0,236;12,0;23,7;35,0;10490;0,242;9,0;22,7;37,6;10980;0,207;13,7;24,3;33,6;10020;0,276;23,4;34,2;41,2;8700;0,372;15,1;27,3;36,7;10090;0,271;6,4;11,9;18,3;10640;0,231;5,6;10,3;16,1;10470;0,244;10,9;24,9;37,5;10650;0,231;5,0;11,1;20,0;11270;0,186;5,0;6,6;13,1;11510;0,169;26,1;49,3;70,2;10220;0,262;16,5;23,2;29,0;8590;0,380;9,2;21,2;32,3;10920;0,211;32,8;45,9;53,7;7990;0,423;50,8;78,8;89,1;8990;0,351
974;11,9;24,1;36,1;10530;0,240;14,1;33,6;51,6;10860;0,215;10,6;26,6;40,9;10750;0,223;12,5;24,5;36,1;10340;0,253;13,7;23,3;33,0;9940;0,282;10,5;19,8;29,8;10440;0,246;9,3;22,7;37,0;10980;0,207;21,4;34,6;44,8;9330;0,327;11,2;22,0;31,8;10410;0,248;10,2;21,2;31,9;10520;0,240;8,6;18,6;29,5;10780;0,221;12,8;28,8;45,1;10750;0,223;9,6;17,1;25,3;10370;0,251;14,1;30,7;46,3;10590;0,235;15,9;38,0;58,2;10690;0,228;12,9;26,0;38,5;10480;0,243;24,4;36,1;45,3;9200;0,335;18,5;33,1;44,3;9820;0,291;10,6;18,4;26,1;10130;0,269;10,3;18,9;28,8;10400;0,249;14,1;36,3;53,9;10690;0,228;8,7;18,7;31,3;10940;0,210;5,0;10,9;21,4;11490;0,170;29,5;55,9;76,9;9990;0,279;14,8;21,6;27,5;8990;0,351;10,8;26,0;40,5;10920;0,212;23,1;33,2;39,6;8480;0,388;43,4;77,4;91,8;9370;0,323
